run_id,git_commit,machine,gpu,seed,grid_offset,case_name,router_recipe,balance_recipe,balance_coeff,route_row_role,route_rows,route_result_rows,route_rows_output_count,route_rows_output_fraction,route_rows_contribute,depth,leaf_rows,shared_unrouted_frac,eligible_index,layer,sample_split,sample_batches,test_accessed,scheduler_status,trial_status,captured_tokens,observed_tokens,fit_tokens,metric_tokens,metric_split,metric_holdout_fraction,initial_normalized_mse,final_normalized_mse,nmse_delta,final_cosine_similarity,tokens_per_second,train_seconds,dead_leaves,route_entropy_mean,leaf_tokens_p10,leaf_tokens_p50,leaf_tokens_p90,route_churn_available,route_churn_fraction,route_churn_changed_tokens,route_churn_tokens,route_churn_initial_unique_leaves,route_churn_final_unique_leaves,route_churn_reason,active_rows_per_token,stored_rows,effective_stored_rows,route_output_rows_per_token,route_output_rows_per_node,locoprop_status,locoprop_mse_before,locoprop_mse_after,locoprop_nonincreasing
l7k_router_equal_budget_20260704_a1e311f_wave0,a1e311fcf924d5a18b8b503605d3ae12509cc2c8,foureyes,1,26007,0,vanilla_ste_seed21001,vanilla_ste,split_minleaf,0.001,split_routing_output,1,2,all,0.5,true,5,4,0.2,35,blocks.8.reverse_block.mixer.mixer.out_proj,train_eval,1,false,succeeded,succeeded,32768,131072,29491,3277,holdout,0.1,1.008767008781433,0.6522852182388306,0.35648179054260254,0.5609164834022522,23254.47508891067,0.5504316890001064,2,0.0,1.0,4.5,11.899999618530273,true,0.6505950564540739,2132,3277,32,32,,47.0,259,228,5,1,succeeded,0.041409559547901154,0.033197320997714996,true
l7k_router_equal_budget_20260704_a1e311f_wave0,a1e311fcf924d5a18b8b503605d3ae12509cc2c8,foureyes,1,26007,0,vanilla_ste_seed21001,vanilla_ste,split_minleaf,0.001,split_routing_output,1,2,all,0.5,true,5,4,0.2,39,blocks.9.reverse_block.mixer.mixer.out_proj,train_eval,1,false,succeeded,succeeded,32768,131072,29491,3277,holdout,0.1,1.0074396133422852,0.6919603943824768,0.31547921895980835,0.5309588313102722,28571.010784073078,0.44800655100152653,0,0.0,1.0,3.5,15.0,true,0.5620994812328349,1842,3277,32,32,,47.0,259,228,5,1,succeeded,0.045693106949329376,0.03620497137308121,true
l7k_router_equal_budget_20260704_a1e311f_wave0,a1e311fcf924d5a18b8b503605d3ae12509cc2c8,foureyes,1,26007,0,vanilla_ste_seed21001,vanilla_ste,split_minleaf,0.001,split_routing_output,1,2,all,0.5,true,5,4,0.2,41,blocks.10.forward_block.mixer.mixer.out_proj,train_eval,1,false,succeeded,succeeded,32768,131072,29491,3277,holdout,0.1,1.007493257522583,0.6892068386077881,0.3182864189147949,0.5409773588180542,30555.856359767306,0.4189049669985252,2,0.0,1.0,6.0,14.899999618530273,true,0.4690265486725664,1537,3277,32,32,,47.0,259,228,5,1,succeeded,0.04830535501241684,0.03860748931765556,true
l7k_router_equal_budget_20260704_a1e311f_wave0,a1e311fcf924d5a18b8b503605d3ae12509cc2c8,foureyes,1,26007,0,vanilla_ste_seed21001,vanilla_ste,split_minleaf,0.001,split_routing_output,1,2,all,0.5,true,5,4,0.2,43,blocks.10.reverse_block.mixer.mixer.out_proj,train_eval,1,false,succeeded,succeeded,32768,131072,29491,3277,holdout,0.1,1.0077369213104248,0.6893709301948547,0.31836599111557007,0.5282400846481323,35127.45231787742,0.36438737099888385,1,0.0,1.0,3.0,19.699996948242188,true,0.6454073848031736,2115,3277,32,32,,47.0,259,228,5,1,succeeded,0.0597032755613327,0.048015985637903214,true
l7k_router_equal_budget_20260704_a1e311f_wave0,a1e311fcf924d5a18b8b503605d3ae12509cc2c8,foureyes,1,26007,0,vanilla_ste_seed21001,vanilla_ste,split_minleaf,0.001,split_routing_output,1,2,all,0.5,true,5,4,0.2,45,blocks.11.forward_block.mixer.mixer.out_proj,train_eval,1,false,succeeded,succeeded,32768,131072,29491,3277,holdout,0.1,1.0090082883834839,0.7078121304512024,0.3011961579322815,0.49020153284072876,30964.387468537923,0.4133781109994743,0,0.0,2.0,4.5,13.0,true,0.5694232529752823,1866,3277,32,32,,47.0,259,228,5,1,succeeded,0.08886191248893738,0.07149927318096161,true
l7k_router_equal_budget_20260704_a1e311f_wave0,a1e311fcf924d5a18b8b503605d3ae12509cc2c8,foureyes,1,26007,0,vanilla_ste_seed21001,vanilla_ste,split_minleaf,0.001,split_routing_output,1,2,all,0.5,true,5,4,0.2,47,blocks.11.reverse_block.mixer.mixer.out_proj,train_eval,1,false,succeeded,succeeded,32768,131072,29491,3277,holdout,0.1,1.0058659315109253,0.69110506772995,0.31476086378097534,0.5002867579460144,32782.899402811025,0.3904474660012056,0,0.0,2.0,5.0,18.899999618530273,true,0.5865120537076595,1922,3277,32,32,,47.0,259,228,5,1,succeeded,0.08133379369974136,0.06523288041353226,true
l7k_router_equal_budget_20260704_a1e311f_wave0,a1e311fcf924d5a18b8b503605d3ae12509cc2c8,foureyes,2,26008,1,vanilla_ste_seed21002,vanilla_ste,split_minleaf,0.001,split_routing_output,1,2,all,0.5,true,5,4,0.2,35,blocks.8.reverse_block.mixer.mixer.out_proj,train_eval,1,false,succeeded,succeeded,32768,131072,29491,3277,holdout,0.1,1.0062365531921387,0.6517123579978943,0.3545241951942444,0.5650619268417358,22767.96974555054,0.5621932979993289,2,0.0,1.0,4.0,22.29999542236328,true,0.6005492828806835,1968,3277,32,32,,47.0,259,228,5,1,succeeded,0.041703496128320694,0.03316905349493027,true
l7k_router_equal_budget_20260704_a1e311f_wave0,a1e311fcf924d5a18b8b503605d3ae12509cc2c8,foureyes,2,26008,1,vanilla_ste_seed21002,vanilla_ste,split_minleaf,0.001,split_routing_output,1,2,all,0.5,true,5,4,0.2,39,blocks.9.reverse_block.mixer.mixer.out_proj,train_eval,1,false,succeeded,succeeded,32768,131072,29491,3277,holdout,0.1,1.0070706605911255,0.6905006766319275,0.316569983959198,0.5317211151123047,29159.335115740574,0.4389674849990115,2,0.0,1.0,3.0,24.499996185302734,true,0.5746109246261825,1883,3277,32,32,,47.0,259,228,5,1,succeeded,0.04565335065126419,0.03639943152666092,true
l7k_router_equal_budget_20260704_a1e311f_wave0,a1e311fcf924d5a18b8b503605d3ae12509cc2c8,foureyes,2,26008,1,vanilla_ste_seed21002,vanilla_ste,split_minleaf,0.001,split_routing_output,1,2,all,0.5,true,5,4,0.2,41,blocks.10.forward_block.mixer.mixer.out_proj,train_eval,1,false,succeeded,succeeded,32768,131072,29491,3277,holdout,0.1,1.0062593221664429,0.7001692056655884,0.3060901165008545,0.5298603773117065,32933.94077488133,0.3886567989993637,2,0.0,2.1000001430511475,6.0,14.899999618530273,true,0.5169362221544095,1694,3277,32,32,,47.0,259,228,5,1,succeeded,0.04849057272076607,0.03905106335878372,true
l7k_router_equal_budget_20260704_a1e311f_wave0,a1e311fcf924d5a18b8b503605d3ae12509cc2c8,foureyes,2,26008,1,vanilla_ste_seed21002,vanilla_ste,split_minleaf,0.001,split_routing_output,1,2,all,0.5,true,5,4,0.2,43,blocks.10.reverse_block.mixer.mixer.out_proj,train_eval,1,false,succeeded,succeeded,32768,131072,29491,3277,holdout,0.1,1.008974552154541,0.6873574256896973,0.32161712646484375,0.5360416769981384,32287.7559883539,0.3964351069989789,4,0.0,0.1000000461935997,3.0,20.0,true,0.6551724137931034,2147,3277,32,32,,47.0,259,228,5,1,succeeded,0.05963136628270149,0.047794606536626816,true
l7k_router_equal_budget_20260704_a1e311f_wave0,a1e311fcf924d5a18b8b503605d3ae12509cc2c8,foureyes,2,26008,1,vanilla_ste_seed21002,vanilla_ste,split_minleaf,0.001,split_routing_output,1,2,all,0.5,true,5,4,0.2,45,blocks.11.forward_block.mixer.mixer.out_proj,train_eval,1,false,succeeded,succeeded,32768,131072,29491,3277,holdout,0.1,1.008427381515503,0.7016168236732483,0.30681055784225464,0.49637797474861145,29537.60256225548,0.43334593500003393,1,0.0,2.0,7.0,15.899999618530273,true,0.5013732072017089,1643,3277,32,32,,47.0,259,228,5,1,succeeded,0.08877374976873398,0.07127145677804947,true
l7k_router_equal_budget_20260704_a1e311f_wave0,a1e311fcf924d5a18b8b503605d3ae12509cc2c8,foureyes,2,26008,1,vanilla_ste_seed21002,vanilla_ste,split_minleaf,0.001,split_routing_output,1,2,all,0.5,true,5,4,0.2,47,blocks.11.reverse_block.mixer.mixer.out_proj,train_eval,1,false,succeeded,succeeded,32768,131072,29491,3277,holdout,0.1,1.0087041854858398,0.6999189853668213,0.30878520011901855,0.4927106499671936,30881.088977215273,0.41449315499994555,1,0.0,1.0,5.5,17.799999237060547,true,0.5468416234360696,1792,3277,32,32,,47.0,259,228,5,1,succeeded,0.08251591771841049,0.06568409502506256,true
l7k_router_equal_budget_20260704_a1e311f_wave0,a1e311fcf924d5a18b8b503605d3ae12509cc2c8,foureyes,3,26009,2,vanilla_ste_seed21003,vanilla_ste,split_minleaf,0.001,split_routing_output,1,2,all,0.5,true,5,4,0.2,35,blocks.8.reverse_block.mixer.mixer.out_proj,train_eval,1,false,succeeded,succeeded,32768,131072,29491,3277,holdout,0.1,1.006970763206482,0.6562411785125732,0.3507295846939087,0.55644291639328,22220.980894983215,0.5760321769994334,0,0.0,2.0,4.5,14.599996566772461,true,0.6237412267317669,2044,3277,32,32,,47.0,259,228,5,1,succeeded,0.04156046733260155,0.03338657692074776,true
l7k_router_equal_budget_20260704_a1e311f_wave0,a1e311fcf924d5a18b8b503605d3ae12509cc2c8,foureyes,3,26009,2,vanilla_ste_seed21003,vanilla_ste,split_minleaf,0.001,split_routing_output,1,2,all,0.5,true,5,4,0.2,39,blocks.9.reverse_block.mixer.mixer.out_proj,train_eval,1,false,succeeded,succeeded,32768,131072,29491,3277,holdout,0.1,1.0085484981536865,0.6904654502868652,0.3180830478668213,0.5346390604972839,29927.641182991883,0.4276982579995092,0,0.0,1.0,4.0,16.0,true,0.6161122978333842,2019,3277,32,32,,47.0,259,228,5,1,succeeded,0.045569226145744324,0.03629495948553085,true
l7k_router_equal_budget_20260704_a1e311f_wave0,a1e311fcf924d5a18b8b503605d3ae12509cc2c8,foureyes,3,26009,2,vanilla_ste_seed21003,vanilla_ste,split_minleaf,0.001,split_routing_output,1,2,all,0.5,true,5,4,0.2,41,blocks.10.forward_block.mixer.mixer.out_proj,train_eval,1,false,succeeded,succeeded,32768,131072,29491,3277,holdout,0.1,1.0082095861434937,0.6964834332466125,0.3117261528968811,0.5367757678031921,28557.295705972698,0.4482217130007484,2,0.0,1.100000023841858,4.0,11.899999618530273,true,0.5352456515105279,1754,3277,32,32,,47.0,259,228,5,1,succeeded,0.048746876418590546,0.03894498571753502,true
l7k_router_equal_budget_20260704_a1e311f_wave0,a1e311fcf924d5a18b8b503605d3ae12509cc2c8,foureyes,3,26009,2,vanilla_ste_seed21003,vanilla_ste,split_minleaf,0.001,split_routing_output,1,2,all,0.5,true,5,4,0.2,43,blocks.10.reverse_block.mixer.mixer.out_proj,train_eval,1,false,succeeded,succeeded,32768,131072,29491,3277,holdout,0.1,1.007860541343689,0.6915024518966675,0.3163580894470215,0.5305286645889282,32083.530112255197,0.3989585920007812,0,0.0,2.0,5.0,15.79999828338623,true,0.5862068965517241,1921,3277,32,32,,47.0,259,228,5,1,succeeded,0.05974388122558594,0.04799177870154381,true
l7k_router_equal_budget_20260704_a1e311f_wave0,a1e311fcf924d5a18b8b503605d3ae12509cc2c8,foureyes,3,26009,2,vanilla_ste_seed21003,vanilla_ste,split_minleaf,0.001,split_routing_output,1,2,all,0.5,true,5,4,0.2,45,blocks.11.forward_block.mixer.mixer.out_proj,train_eval,1,false,succeeded,succeeded,32768,131072,29491,3277,holdout,0.1,1.0101628303527832,0.7115558981895447,0.2986069321632385,0.4882417321205139,29861.472930408036,0.42864596899926255,1,0.0,2.0,5.0,18.0,true,0.5709490387549588,1871,3277,32,32,,47.0,259,228,5,1,succeeded,0.08905811607837677,0.07184900343418121,true
l7k_router_equal_budget_20260704_a1e311f_wave0,a1e311fcf924d5a18b8b503605d3ae12509cc2c8,foureyes,3,26009,2,vanilla_ste_seed21003,vanilla_ste,split_minleaf,0.001,split_routing_output,1,2,all,0.5,true,5,4,0.2,47,blocks.11.reverse_block.mixer.mixer.out_proj,train_eval,1,false,succeeded,succeeded,32768,131072,29491,3277,holdout,0.1,1.0070059299468994,0.7013552188873291,0.3056507110595703,0.49098560214042664,31555.33982216209,0.40563657600068836,1,0.0,1.100000023841858,6.0,19.59999656677246,true,0.5108330790357034,1674,3277,32,32,,47.0,259,228,5,1,succeeded,0.08234836161136627,0.06569188833236694,true
l7k_router_equal_budget_20260704_a1e311f_wave1_ripper_alt,a1e311fcf924d5a18b8b503605d3ae12509cc2c8,ripper,1,26004,3,clipped_ste_seed21001,clipped_ste,split_minleaf,0.001,split_routing_output,1,2,all,0.5,true,5,4,0.2,35,blocks.8.reverse_block.mixer.mixer.out_proj,train_eval,1,false,succeeded,succeeded,32768,131072,29491,3277,holdout,0.1,1.0087498426437378,0.6530675292015076,0.3556823134422302,0.5604230165481567,20951.33082617968,0.6109397109994461,1,0.0,1.0,5.0,8.899999618530273,true,0.6789746719560573,2225,3277,32,32,,47.0,259,228,5,1,succeeded,0.041436392813920975,0.03326082602143288,true
l7k_router_equal_budget_20260704_a1e311f_wave1_ripper_alt,a1e311fcf924d5a18b8b503605d3ae12509cc2c8,ripper,1,26004,3,clipped_ste_seed21001,clipped_ste,split_minleaf,0.001,split_routing_output,1,2,all,0.5,true,5,4,0.2,39,blocks.9.reverse_block.mixer.mixer.out_proj,train_eval,1,false,succeeded,succeeded,32768,131072,29491,3277,holdout,0.1,1.0074442625045776,0.6926710605621338,0.31477320194244385,0.5310221910476685,29819.966194121313,0.4292426060001162,2,0.0,1.0,3.0,14.79999828338623,true,0.5559963381141287,1822,3277,32,32,,47.0,259,228,5,1,succeeded,0.04569845646619797,0.03620634973049164,true
l7k_router_equal_budget_20260704_a1e311f_wave1_ripper_alt,a1e311fcf924d5a18b8b503605d3ae12509cc2c8,ripper,1,26004,3,clipped_ste_seed21001,clipped_ste,split_minleaf,0.001,split_routing_output,1,2,all,0.5,true,5,4,0.2,41,blocks.10.forward_block.mixer.mixer.out_proj,train_eval,1,false,succeeded,succeeded,32768,131072,29491,3277,holdout,0.1,1.0074784755706787,0.6907086372375488,0.3167698383331299,0.540087878704071,32460.566998278715,0.39432459700037725,2,0.0,1.0,5.5,16.699996948242188,true,0.4873359780286848,1597,3277,32,32,,47.0,259,228,5,1,succeeded,0.04831846430897713,0.038634005934000015,true
l7k_router_equal_budget_20260704_a1e311f_wave1_ripper_alt,a1e311fcf924d5a18b8b503605d3ae12509cc2c8,ripper,1,26004,3,clipped_ste_seed21001,clipped_ste,split_minleaf,0.001,split_routing_output,1,2,all,0.5,true,5,4,0.2,43,blocks.10.reverse_block.mixer.mixer.out_proj,train_eval,1,false,succeeded,succeeded,32768,131072,29491,3277,holdout,0.1,1.0077229738235474,0.6897053122520447,0.3180176615715027,0.5279039144515991,32731.7224840329,0.39105794100032654,1,0.0,1.0,3.5,18.699996948242188,true,0.6518156850778151,2136,3277,32,32,,47.0,259,228,5,1,succeeded,0.05971815064549446,0.048069484531879425,true
l7k_router_equal_budget_20260704_a1e311f_wave1_ripper_alt,a1e311fcf924d5a18b8b503605d3ae12509cc2c8,ripper,1,26004,3,clipped_ste_seed21001,clipped_ste,split_minleaf,0.001,split_routing_output,1,2,all,0.5,true,5,4,0.2,45,blocks.11.forward_block.mixer.mixer.out_proj,train_eval,1,false,succeeded,succeeded,32768,131072,29491,3277,holdout,0.1,1.0090060234069824,0.707669734954834,0.30133628845214844,0.4894162118434906,30662.255907525116,0.4174513460002345,0,0.0,2.0,6.0,15.599996566772461,true,0.5916997253585596,1939,3277,32,32,,47.0,259,228,5,1,succeeded,0.08892668783664703,0.07171173393726349,true
l7k_router_equal_budget_20260704_a1e311f_wave1_ripper_alt,a1e311fcf924d5a18b8b503605d3ae12509cc2c8,ripper,1,26004,3,clipped_ste_seed21001,clipped_ste,split_minleaf,0.001,split_routing_output,1,2,all,0.5,true,5,4,0.2,47,blocks.11.reverse_block.mixer.mixer.out_proj,train_eval,1,false,succeeded,succeeded,32768,131072,29491,3277,holdout,0.1,1.0058574676513672,0.6913312673568726,0.31452620029449463,0.4993496835231781,33039.44710706062,0.38741568400109827,0,0.0,2.0,5.0,18.0,true,0.6023802258162954,1974,3277,32,32,,47.0,259,228,5,1,succeeded,0.08137352019548416,0.06532232463359833,true
l7k_router_equal_budget_20260704_a1e311f_wave1_ripper_alt,a1e311fcf924d5a18b8b503605d3ae12509cc2c8,ripper,2,26005,4,clipped_ste_seed21002,clipped_ste,split_minleaf,0.001,split_routing_output,1,2,all,0.5,true,5,4,0.2,35,blocks.8.reverse_block.mixer.mixer.out_proj,train_eval,1,false,succeeded,succeeded,32768,131072,29491,3277,holdout,0.1,1.0062086582183838,0.652241587638855,0.3539670705795288,0.5645467042922974,24420.78957306622,0.5241435770003591,2,0.0,1.0,4.0,17.0,true,0.6042111687519073,1980,3277,32,32,,47.0,259,228,5,1,succeeded,0.041714396327733994,0.03318542614579201,true
l7k_router_equal_budget_20260704_a1e311f_wave1_ripper_alt,a1e311fcf924d5a18b8b503605d3ae12509cc2c8,ripper,2,26005,4,clipped_ste_seed21002,clipped_ste,split_minleaf,0.001,split_routing_output,1,2,all,0.5,true,5,4,0.2,39,blocks.9.reverse_block.mixer.mixer.out_proj,train_eval,1,false,succeeded,succeeded,32768,131072,29491,3277,holdout,0.1,1.0070912837982178,0.6913983225822449,0.3156929612159729,0.531405508518219,30536.054229349924,0.4191766200001439,2,0.0,1.0,3.0,24.499996185302734,true,0.5715593530668294,1873,3277,32,32,,47.0,259,228,5,1,succeeded,0.04565386101603508,0.03642157092690468,true
l7k_router_equal_budget_20260704_a1e311f_wave1_ripper_alt,a1e311fcf924d5a18b8b503605d3ae12509cc2c8,ripper,2,26005,4,clipped_ste_seed21002,clipped_ste,split_minleaf,0.001,split_routing_output,1,2,all,0.5,true,5,4,0.2,41,blocks.10.forward_block.mixer.mixer.out_proj,train_eval,1,false,succeeded,succeeded,32768,131072,29491,3277,holdout,0.1,1.006288766860962,0.7000765800476074,0.3062121868133545,0.5296081900596619,28184.09077437855,0.45415692499955185,2,0.0,1.2000000476837158,6.0,14.899999618530273,true,0.4980164784864205,1632,3277,32,32,,47.0,259,228,5,1,succeeded,0.04849884659051895,0.03907538950443268,true
l7k_router_equal_budget_20260704_a1e311f_wave1_ripper_alt,a1e311fcf924d5a18b8b503605d3ae12509cc2c8,ripper,2,26005,4,clipped_ste_seed21002,clipped_ste,split_minleaf,0.001,split_routing_output,1,2,all,0.5,true,5,4,0.2,43,blocks.10.reverse_block.mixer.mixer.out_proj,train_eval,1,false,succeeded,succeeded,32768,131072,29491,3277,holdout,0.1,1.0089868307113647,0.6877195835113525,0.3212672472000122,0.5354711413383484,30591.228280183324,0.41842059700138634,2,0.0,1.0,2.0,23.399995803833008,true,0.6710405859017394,2199,3277,32,32,,47.0,259,228,5,1,succeeded,0.05962788686156273,0.04782337695360184,true
l7k_router_equal_budget_20260704_a1e311f_wave1_ripper_alt,a1e311fcf924d5a18b8b503605d3ae12509cc2c8,ripper,2,26005,4,clipped_ste_seed21002,clipped_ste,split_minleaf,0.001,split_routing_output,1,2,all,0.5,true,5,4,0.2,45,blocks.11.forward_block.mixer.mixer.out_proj,train_eval,1,false,succeeded,succeeded,32768,131072,29491,3277,holdout,0.1,1.0084357261657715,0.7028229832649231,0.3056127429008484,0.4964069128036499,30199.34787712551,0.423850212000616,2,0.0,2.0,6.0,16.0,true,0.5062557216966738,1659,3277,32,32,,47.0,259,228,5,1,succeeded,0.08877277374267578,0.07128427922725677,true
l7k_router_equal_budget_20260704_a1e311f_wave1_ripper_alt,a1e311fcf924d5a18b8b503605d3ae12509cc2c8,ripper,2,26005,4,clipped_ste_seed21002,clipped_ste,split_minleaf,0.001,split_routing_output,1,2,all,0.5,true,5,4,0.2,47,blocks.11.reverse_block.mixer.mixer.out_proj,train_eval,1,false,succeeded,succeeded,32768,131072,29491,3277,holdout,0.1,1.0087039470672607,0.6995238065719604,0.3091801404953003,0.49217966198921204,29289.6898282782,0.4370138459998998,1,0.0,1.100000023841858,6.0,15.899999618530273,true,0.5334147085749161,1748,3277,32,32,,47.0,259,228,5,1,succeeded,0.08261167258024216,0.06578128039836884,true
l7k_router_equal_budget_20260704_a1e311f_wave1_ripper_alt,a1e311fcf924d5a18b8b503605d3ae12509cc2c8,ripper,3,26006,5,clipped_ste_seed21003,clipped_ste,split_minleaf,0.001,split_routing_output,1,2,all,0.5,true,5,4,0.2,35,blocks.8.reverse_block.mixer.mixer.out_proj,train_eval,1,false,succeeded,succeeded,32768,131072,29491,3277,holdout,0.1,1.0069575309753418,0.656640887260437,0.3503166437149048,0.5560757517814636,24138.11102985988,0.5302817600004346,0,0.0,2.0,4.5,16.699996948242188,true,0.6280134269148612,2058,3277,32,32,,47.0,259,228,5,1,succeeded,0.04157494008541107,0.033412493765354156,true
l7k_router_equal_budget_20260704_a1e311f_wave1_ripper_alt,a1e311fcf924d5a18b8b503605d3ae12509cc2c8,ripper,3,26006,5,clipped_ste_seed21003,clipped_ste,split_minleaf,0.001,split_routing_output,1,2,all,0.5,true,5,4,0.2,39,blocks.9.reverse_block.mixer.mixer.out_proj,train_eval,1,false,succeeded,succeeded,32768,131072,29491,3277,holdout,0.1,1.0085570812225342,0.6913802027702332,0.317176878452301,0.5345021486282349,30448.123830657023,0.42038714999944204,0,0.0,1.0,4.0,17.899999618530273,true,0.6222154409520904,2039,3277,32,32,,47.0,259,228,5,1,succeeded,0.045588813722133636,0.03632084280252457,true
l7k_router_equal_budget_20260704_a1e311f_wave1_ripper_alt,a1e311fcf924d5a18b8b503605d3ae12509cc2c8,ripper,3,26006,5,clipped_ste_seed21003,clipped_ste,split_minleaf,0.001,split_routing_output,1,2,all,0.5,true,5,4,0.2,41,blocks.10.forward_block.mixer.mixer.out_proj,train_eval,1,false,succeeded,succeeded,32768,131072,29491,3277,holdout,0.1,1.0082097053527832,0.6975257396697998,0.3106839656829834,0.5364936590194702,29518.985570335783,0.43361923699922045,2,0.0,1.100000023841858,5.0,11.899999618530273,true,0.541348794629234,1774,3277,32,32,,47.0,259,228,5,1,succeeded,0.048752184957265854,0.03893820941448212,true
l7k_router_equal_budget_20260704_a1e311f_wave1_ripper_alt,a1e311fcf924d5a18b8b503605d3ae12509cc2c8,ripper,3,26006,5,clipped_ste_seed21003,clipped_ste,split_minleaf,0.001,split_routing_output,1,2,all,0.5,true,5,4,0.2,43,blocks.10.reverse_block.mixer.mixer.out_proj,train_eval,1,false,succeeded,succeeded,32768,131072,29491,3277,holdout,0.1,1.0078459978103638,0.6913083791732788,0.31653761863708496,0.5301463603973389,29416.542731105586,0.4351293119998445,1,0.0,1.100000023841858,5.0,15.79999828338623,true,0.5822398535245652,1908,3277,32,32,,47.0,259,228,5,1,succeeded,0.05977363511919975,0.04806903377175331,true
l7k_router_equal_budget_20260704_a1e311f_wave1_ripper_alt,a1e311fcf924d5a18b8b503605d3ae12509cc2c8,ripper,3,26006,5,clipped_ste_seed21003,clipped_ste,split_minleaf,0.001,split_routing_output,1,2,all,0.5,true,5,4,0.2,45,blocks.11.forward_block.mixer.mixer.out_proj,train_eval,1,false,succeeded,succeeded,32768,131072,29491,3277,holdout,0.1,1.0101652145385742,0.7124946117401123,0.2976706027984619,0.4881468415260315,28757.791642776672,0.4450967640004819,1,0.0,2.1000001430511475,5.0,18.799999237060547,true,0.5779676533414708,1894,3277,32,32,,47.0,259,228,5,1,succeeded,0.08908167481422424,0.07191360741853714,true
l7k_router_equal_budget_20260704_a1e311f_wave1_ripper_alt,a1e311fcf924d5a18b8b503605d3ae12509cc2c8,ripper,3,26006,5,clipped_ste_seed21003,clipped_ste,split_minleaf,0.001,split_routing_output,1,2,all,0.5,true,5,4,0.2,47,blocks.11.reverse_block.mixer.mixer.out_proj,train_eval,1,false,succeeded,succeeded,32768,131072,29491,3277,holdout,0.1,1.0070128440856934,0.7014866471290588,0.3055261969566345,0.49061667919158936,30186.80082887205,0.4240263840001717,2,0.0,1.2000000476837158,5.5,18.399995803833008,true,0.5309734513274337,1740,3277,32,32,,47.0,259,228,5,1,succeeded,0.08233765512704849,0.06563899666070938,true
l7k_router_equal_budget_20260704_a1e311f_wave2,a1e311fcf924d5a18b8b503605d3ae12509cc2c8,ripper,0,26006,6,sigmoid_surrogate_ste_seed21001,sigmoid_surrogate_ste,split_minleaf,0.001,split_routing_output,1,2,all,0.5,true,5,4,0.2,35,blocks.8.reverse_block.mixer.mixer.out_proj,train_eval,1,false,succeeded,succeeded,32768,131072,29491,3277,holdout,0.1,1.0087498426437378,0.6528236865997314,0.35592615604400635,0.5605412125587463,22873.088667568227,0.5596095999990212,2,0.0,1.0,5.0,9.899999618530273,true,0.6704302715898688,2197,3277,32,32,,47.0,259,228,5,1,succeeded,0.04142508655786514,0.0332430861890316,true
l7k_router_equal_budget_20260704_a1e311f_wave2,a1e311fcf924d5a18b8b503605d3ae12509cc2c8,ripper,0,26006,6,sigmoid_surrogate_ste_seed21001,sigmoid_surrogate_ste,split_minleaf,0.001,split_routing_output,1,2,all,0.5,true,5,4,0.2,39,blocks.9.reverse_block.mixer.mixer.out_proj,train_eval,1,false,succeeded,succeeded,32768,131072,29491,3277,holdout,0.1,1.0074442625045776,0.692422091960907,0.31502217054367065,0.5310624837875366,31536.67538571004,0.40587664499980747,2,0.0,1.0,3.0,14.0,true,0.5556911809581935,1821,3277,32,32,,47.0,259,228,5,1,succeeded,0.04569946974515915,0.0362149253487587,true
l7k_router_equal_budget_20260704_a1e311f_wave2,a1e311fcf924d5a18b8b503605d3ae12509cc2c8,ripper,0,26006,6,sigmoid_surrogate_ste_seed21001,sigmoid_surrogate_ste,split_minleaf,0.001,split_routing_output,1,2,all,0.5,true,5,4,0.2,41,blocks.10.forward_block.mixer.mixer.out_proj,train_eval,1,false,succeeded,succeeded,32768,131072,29491,3277,holdout,0.1,1.0074784755706787,0.6898178458213806,0.3176606297492981,0.5404886603355408,25881.144386803615,0.4945685480015527,2,0.0,1.0,5.5,17.499996185302734,true,0.4778761061946903,1566,3277,32,32,,47.0,259,228,5,1,succeeded,0.04831218346953392,0.038629189133644104,true
l7k_router_equal_budget_20260704_a1e311f_wave2,a1e311fcf924d5a18b8b503605d3ae12509cc2c8,ripper,0,26006,6,sigmoid_surrogate_ste_seed21001,sigmoid_surrogate_ste,split_minleaf,0.001,split_routing_output,1,2,all,0.5,true,5,4,0.2,43,blocks.10.reverse_block.mixer.mixer.out_proj,train_eval,1,false,succeeded,succeeded,32768,131072,29491,3277,holdout,0.1,1.0077229738235474,0.689580500125885,0.31814247369766235,0.5278457403182983,31512.297951316697,0.40619062499899883,1,0.0,1.0,3.5,18.0,true,0.6484589563625267,2125,3277,32,32,,47.0,259,228,5,1,succeeded,0.05971388518810272,0.04807901382446289,true
l7k_router_equal_budget_20260704_a1e311f_wave2,a1e311fcf924d5a18b8b503605d3ae12509cc2c8,ripper,0,26006,6,sigmoid_surrogate_ste_seed21001,sigmoid_surrogate_ste,split_minleaf,0.001,split_routing_output,1,2,all,0.5,true,5,4,0.2,45,blocks.11.forward_block.mixer.mixer.out_proj,train_eval,1,false,succeeded,succeeded,32768,131072,29491,3277,holdout,0.1,1.0090060234069824,0.7074077725410461,0.3015982508659363,0.48968619108200073,29121.3281050291,0.43954039300115255,1,0.0,2.0,6.0,14.899999618530273,true,0.5859017393957888,1920,3277,32,32,,47.0,259,228,5,1,succeeded,0.088913194835186,0.07165268808603287,true
l7k_router_equal_budget_20260704_a1e311f_wave2,a1e311fcf924d5a18b8b503605d3ae12509cc2c8,ripper,0,26006,6,sigmoid_surrogate_ste_seed21001,sigmoid_surrogate_ste,split_minleaf,0.001,split_routing_output,1,2,all,0.5,true,5,4,0.2,47,blocks.11.reverse_block.mixer.mixer.out_proj,train_eval,1,false,succeeded,succeeded,32768,131072,29491,3277,holdout,0.1,1.0058574676513672,0.6916840672492981,0.3141734004020691,0.4999217092990875,29214.455029350967,0.43813926999973773,0,0.0,2.0,4.5,20.0,true,0.6054317973756485,1984,3277,32,32,,47.0,259,228,5,1,succeeded,0.08136425167322159,0.0652884766459465,true
l7k_router_equal_budget_20260704_a1e311f_wave2,a1e311fcf924d5a18b8b503605d3ae12509cc2c8,ripper,1,26007,7,sigmoid_surrogate_ste_seed21002,sigmoid_surrogate_ste,split_minleaf,0.001,split_routing_output,1,2,all,0.5,true,5,4,0.2,35,blocks.8.reverse_block.mixer.mixer.out_proj,train_eval,1,false,succeeded,succeeded,32768,131072,29491,3277,holdout,0.1,1.0062086582183838,0.6498415470123291,0.3563671112060547,0.5652070045471191,23056.422896326432,0.5551598380006908,3,0.0,1.0,4.0,18.799999237060547,true,0.595056454073848,1950,3277,32,32,,47.0,259,228,5,1,succeeded,0.041688524186611176,0.03316342830657959,true
l7k_router_equal_budget_20260704_a1e311f_wave2,a1e311fcf924d5a18b8b503605d3ae12509cc2c8,ripper,1,26007,7,sigmoid_surrogate_ste_seed21002,sigmoid_surrogate_ste,split_minleaf,0.001,split_routing_output,1,2,all,0.5,true,5,4,0.2,39,blocks.9.reverse_block.mixer.mixer.out_proj,train_eval,1,false,succeeded,succeeded,32768,131072,29491,3277,holdout,0.1,1.0070912837982178,0.6914820671081543,0.3156092166900635,0.5311669111251831,30281.355404833725,0.42270234700117726,2,0.0,1.0,3.0,24.499996185302734,true,0.5730851388465059,1878,3277,32,32,,47.0,259,228,5,1,succeeded,0.04565282538533211,0.0364232212305069,true
l7k_router_equal_budget_20260704_a1e311f_wave2,a1e311fcf924d5a18b8b503605d3ae12509cc2c8,ripper,1,26007,7,sigmoid_surrogate_ste_seed21002,sigmoid_surrogate_ste,split_minleaf,0.001,split_routing_output,1,2,all,0.5,true,5,4,0.2,41,blocks.10.forward_block.mixer.mixer.out_proj,train_eval,1,false,succeeded,succeeded,32768,131072,29491,3277,holdout,0.1,1.006288766860962,0.7003844976425171,0.3059042692184448,0.529777467250824,27562.032973954676,0.464406962000794,2,0.0,1.100000023841858,5.5,14.899999618530273,true,0.5132743362831859,1682,3277,32,32,,47.0,259,228,5,1,succeeded,0.04849720746278763,0.039077986031770706,true
l7k_router_equal_budget_20260704_a1e311f_wave2,a1e311fcf924d5a18b8b503605d3ae12509cc2c8,ripper,1,26007,7,sigmoid_surrogate_ste_seed21002,sigmoid_surrogate_ste,split_minleaf,0.001,split_routing_output,1,2,all,0.5,true,5,4,0.2,43,blocks.10.reverse_block.mixer.mixer.out_proj,train_eval,1,false,succeeded,succeeded,32768,131072,29491,3277,holdout,0.1,1.0089868307113647,0.687725841999054,0.3212609887123108,0.5354894995689392,32163.949783634704,0.3979610740007047,3,0.0,1.0,3.0,20.59999656677246,true,0.6649374427830332,2179,3277,32,32,,47.0,259,228,5,1,succeeded,0.059638265520334244,0.04783067852258682,true
l7k_router_equal_budget_20260704_a1e311f_wave2,a1e311fcf924d5a18b8b503605d3ae12509cc2c8,ripper,1,26007,7,sigmoid_surrogate_ste_seed21002,sigmoid_surrogate_ste,split_minleaf,0.001,split_routing_output,1,2,all,0.5,true,5,4,0.2,45,blocks.11.forward_block.mixer.mixer.out_proj,train_eval,1,false,succeeded,succeeded,32768,131072,29491,3277,holdout,0.1,1.0084357261657715,0.7024847865104675,0.30595093965530396,0.4964618682861328,29861.85832009797,0.428640437001377,2,0.0,2.0,6.0,19.399995803833008,true,0.5062557216966738,1659,3277,32,32,,47.0,259,228,5,1,succeeded,0.08874347805976868,0.07126595824956894,true
l7k_router_equal_budget_20260704_a1e311f_wave2,a1e311fcf924d5a18b8b503605d3ae12509cc2c8,ripper,1,26007,7,sigmoid_surrogate_ste_seed21002,sigmoid_surrogate_ste,split_minleaf,0.001,split_routing_output,1,2,all,0.5,true,5,4,0.2,47,blocks.11.reverse_block.mixer.mixer.out_proj,train_eval,1,false,succeeded,succeeded,32768,131072,29491,3277,holdout,0.1,1.0087039470672607,0.6997652649879456,0.3089386820793152,0.49207037687301636,31761.36905265155,0.4030052980015171,1,0.0,1.0,6.0,16.799999237060547,true,0.5425694232529753,1778,3277,32,32,,47.0,259,228,5,1,succeeded,0.08260393887758255,0.06575147062540054,true
l7k_router_equal_budget_20260704_a1e311f_wave2,a1e311fcf924d5a18b8b503605d3ae12509cc2c8,ripper,2,26008,8,sigmoid_surrogate_ste_seed21003,sigmoid_surrogate_ste,split_minleaf,0.001,split_routing_output,1,2,all,0.5,true,5,4,0.2,35,blocks.8.reverse_block.mixer.mixer.out_proj,train_eval,1,false,succeeded,succeeded,32768,131072,29491,3277,holdout,0.1,1.0069575309753418,0.6569800972938538,0.34997743368148804,0.5560831427574158,24470.828092579446,0.5230717960002949,0,0.0,2.0,4.5,15.899999618530273,true,0.6322856270979554,2072,3277,32,32,,47.0,259,228,5,1,succeeded,0.04156988114118576,0.033414553850889206,true
l7k_router_equal_budget_20260704_a1e311f_wave2,a1e311fcf924d5a18b8b503605d3ae12509cc2c8,ripper,2,26008,8,sigmoid_surrogate_ste_seed21003,sigmoid_surrogate_ste,split_minleaf,0.001,split_routing_output,1,2,all,0.5,true,5,4,0.2,39,blocks.9.reverse_block.mixer.mixer.out_proj,train_eval,1,false,succeeded,succeeded,32768,131072,29491,3277,holdout,0.1,1.0085570812225342,0.6900622844696045,0.3184947967529297,0.5348056554794312,29801.653326802938,0.42950637200010533,0,0.0,1.0,4.5,16.0,true,0.6155019835215135,2017,3277,32,32,,47.0,259,228,5,1,succeeded,0.045567452907562256,0.03629976138472557,true
l7k_router_equal_budget_20260704_a1e311f_wave2,a1e311fcf924d5a18b8b503605d3ae12509cc2c8,ripper,2,26008,8,sigmoid_surrogate_ste_seed21003,sigmoid_surrogate_ste,split_minleaf,0.001,split_routing_output,1,2,all,0.5,true,5,4,0.2,41,blocks.10.forward_block.mixer.mixer.out_proj,train_eval,1,false,succeeded,succeeded,32768,131072,29491,3277,holdout,0.1,1.0082097053527832,0.696789562702179,0.31142014265060425,0.5366910696029663,29591.133209284613,0.4325620079998771,3,0.0,1.2000000476837158,5.0,11.0,true,0.538297223069881,1764,3277,32,32,,47.0,259,228,5,1,succeeded,0.048755839467048645,0.03893756866455078,true
l7k_router_equal_budget_20260704_a1e311f_wave2,a1e311fcf924d5a18b8b503605d3ae12509cc2c8,ripper,2,26008,8,sigmoid_surrogate_ste_seed21003,sigmoid_surrogate_ste,split_minleaf,0.001,split_routing_output,1,2,all,0.5,true,5,4,0.2,43,blocks.10.reverse_block.mixer.mixer.out_proj,train_eval,1,false,succeeded,succeeded,32768,131072,29491,3277,holdout,0.1,1.0078459978103638,0.6910521388053894,0.31679385900497437,0.530424177646637,28628.955966226244,0.4470997829994303,1,0.0,1.100000023841858,5.5,14.899999618530273,true,0.584070796460177,1914,3277,32,32,,47.0,259,228,5,1,succeeded,0.059764064848423004,0.04804033413529396,true
l7k_router_equal_budget_20260704_a1e311f_wave2,a1e311fcf924d5a18b8b503605d3ae12509cc2c8,ripper,2,26008,8,sigmoid_surrogate_ste_seed21003,sigmoid_surrogate_ste,split_minleaf,0.001,split_routing_output,1,2,all,0.5,true,5,4,0.2,45,blocks.11.forward_block.mixer.mixer.out_proj,train_eval,1,false,succeeded,succeeded,32768,131072,29491,3277,holdout,0.1,1.0101652145385742,0.7126712799072266,0.29749393463134766,0.48790889978408813,30092.425923979044,0.4253562020003301,0,0.0,2.0,6.0,17.899999618530273,true,0.5804089105889533,1902,3277,32,32,,47.0,259,228,5,1,succeeded,0.0890694186091423,0.07187177240848541,true
l7k_router_equal_budget_20260704_a1e311f_wave2,a1e311fcf924d5a18b8b503605d3ae12509cc2c8,ripper,2,26008,8,sigmoid_surrogate_ste_seed21003,sigmoid_surrogate_ste,split_minleaf,0.001,split_routing_output,1,2,all,0.5,true,5,4,0.2,47,blocks.11.reverse_block.mixer.mixer.out_proj,train_eval,1,false,succeeded,succeeded,32768,131072,29491,3277,holdout,0.1,1.0070128440856934,0.701361894607544,0.3056509494781494,0.49060919880867004,30447.997080795783,0.4203889000000345,2,0.0,1.100000023841858,6.5,18.59999656677246,true,0.5279218797680806,1730,3277,32,32,,47.0,259,228,5,1,succeeded,0.08234593272209167,0.06564491242170334,true
l7k_router_equal_budget_20260704_a1e311f_wave2,a1e311fcf924d5a18b8b503605d3ae12509cc2c8,ripper,3,26009,9,st_gumbel_seed21001,st_gumbel,split_minleaf,0.001,split_routing_output,1,2,all,0.5,true,5,4,0.2,35,blocks.8.reverse_block.mixer.mixer.out_proj,train_eval,1,false,succeeded,succeeded,32768,131072,29491,3277,holdout,0.1,1.0087498426437378,0.6645205616950989,0.3442292809486389,0.5566990971565247,23190.79428091243,0.551943147998827,1,0.0,2.0,7.0,15.79999828338623,true,0.45834604821483066,1502,3277,32,32,,47.0,259,228,5,1,succeeded,0.04189653694629669,0.033747728914022446,true
l7k_router_equal_budget_20260704_a1e311f_wave2,a1e311fcf924d5a18b8b503605d3ae12509cc2c8,ripper,3,26009,9,st_gumbel_seed21001,st_gumbel,split_minleaf,0.001,split_routing_output,1,2,all,0.5,true,5,4,0.2,39,blocks.9.reverse_block.mixer.mixer.out_proj,train_eval,1,false,succeeded,succeeded,32768,131072,29491,3277,holdout,0.1,1.0082104206085205,0.702722430229187,0.3054879903793335,0.524179220199585,28652.583304159503,0.4467310979998729,0,0.0,2.0,6.0,17.0,true,0.4461397619774184,1462,3277,32,32,,47.0,259,228,5,1,succeeded,0.04615792632102966,0.0370183065533638,true
l7k_router_equal_budget_20260704_a1e311f_wave2,a1e311fcf924d5a18b8b503605d3ae12509cc2c8,ripper,3,26009,9,st_gumbel_seed21001,st_gumbel,split_minleaf,0.001,split_routing_output,1,2,all,0.5,true,5,4,0.2,41,blocks.10.forward_block.mixer.mixer.out_proj,train_eval,1,false,succeeded,succeeded,32768,131072,29491,3277,holdout,0.1,1.0066949129104614,0.700820803642273,0.3058741092681885,0.5304218530654907,29390.846824106367,0.4355097380012012,0,0.0,3.0,7.5,12.899999618530273,true,0.40402807445834604,1324,3277,32,32,,47.0,259,228,5,1,succeeded,0.04872031882405281,0.03921040520071983,true
l7k_router_equal_budget_20260704_a1e311f_wave2,a1e311fcf924d5a18b8b503605d3ae12509cc2c8,ripper,3,26009,9,st_gumbel_seed21001,st_gumbel,split_minleaf,0.001,split_routing_output,1,2,all,0.5,true,5,4,0.2,43,blocks.10.reverse_block.mixer.mixer.out_proj,train_eval,1,false,succeeded,succeeded,32768,131072,29491,3277,holdout,0.1,1.0068951845169067,0.6956557035446167,0.31123948097229004,0.5300528407096863,28698.61699845793,0.4460145239991107,0,0.0,2.1000001430511475,6.5,12.0,true,0.4604821483063778,1509,3277,32,32,,47.0,259,228,5,1,succeeded,0.06023824214935303,0.04860493913292885,true
l7k_router_equal_budget_20260704_a1e311f_wave2,a1e311fcf924d5a18b8b503605d3ae12509cc2c8,ripper,3,26009,9,st_gumbel_seed21001,st_gumbel,split_minleaf,0.001,split_routing_output,1,2,all,0.5,true,5,4,0.2,45,blocks.11.forward_block.mixer.mixer.out_proj,train_eval,1,false,succeeded,succeeded,32768,131072,29491,3277,holdout,0.1,1.0069228410720825,0.7179012298583984,0.2890216112136841,0.48085466027259827,29075.18179636949,0.440238004001003,0,0.0,3.1000001430511475,7.5,13.79999828338623,true,0.43576441867561794,1428,3277,32,32,,47.0,259,228,5,1,succeeded,0.08933307230472565,0.07278333604335785,true
l7k_router_equal_budget_20260704_a1e311f_wave2,a1e311fcf924d5a18b8b503605d3ae12509cc2c8,ripper,3,26009,9,st_gumbel_seed21001,st_gumbel,split_minleaf,0.001,split_routing_output,1,2,all,0.5,true,5,4,0.2,47,blocks.11.reverse_block.mixer.mixer.out_proj,train_eval,1,false,succeeded,succeeded,32768,131072,29491,3277,holdout,0.1,1.0099717378616333,0.7059555053710938,0.30401623249053955,0.493548184633255,29866.903580935857,0.4285680289995071,1,0.0,2.0,7.5,14.0,true,0.39517851693622214,1295,3277,32,32,,47.0,259,228,5,1,succeeded,0.08228661119937897,0.06664326786994934,true
l7k_router_equal_budget_20260704_a1e311f_wave2,a1e311fcf924d5a18b8b503605d3ae12509cc2c8,foureyes,1,26011,10,st_gumbel_seed21002,st_gumbel,split_minleaf,0.001,split_routing_output,1,2,all,0.5,true,5,4,0.2,35,blocks.8.reverse_block.mixer.mixer.out_proj,train_eval,1,false,succeeded,succeeded,32768,131072,29491,3277,holdout,0.1,1.0062365531921387,0.6602800488471985,0.3459565043449402,0.5593532919883728,25480.080954694175,0.5023531919996458,0,0.0,2.0,7.0,14.899999618530273,true,0.44858101922490085,1470,3277,32,32,,47.0,259,228,5,1,succeeded,0.04208820313215256,0.033656034618616104,true
l7k_router_equal_budget_20260704_a1e311f_wave2,a1e311fcf924d5a18b8b503605d3ae12509cc2c8,foureyes,1,26011,10,st_gumbel_seed21002,st_gumbel,split_minleaf,0.001,split_routing_output,1,2,all,0.5,true,5,4,0.2,39,blocks.9.reverse_block.mixer.mixer.out_proj,train_eval,1,false,succeeded,succeeded,32768,131072,29491,3277,holdout,0.1,1.0077646970748901,0.6978820562362671,0.30988264083862305,0.5246781706809998,31315.232320065672,0.4087467680001282,1,0.0,2.1000001430511475,6.0,17.499996185302734,true,0.38877021666158074,1274,3277,32,32,,47.0,259,228,5,1,succeeded,0.04605082795023918,0.03698958456516266,true
l7k_router_equal_budget_20260704_a1e311f_wave2,a1e311fcf924d5a18b8b503605d3ae12509cc2c8,foureyes,1,26011,10,st_gumbel_seed21002,st_gumbel,split_minleaf,0.001,split_routing_output,1,2,all,0.5,true,5,4,0.2,41,blocks.10.forward_block.mixer.mixer.out_proj,train_eval,1,false,succeeded,succeeded,32768,131072,29491,3277,holdout,0.1,1.0073233842849731,0.7056663632392883,0.3016570210456848,0.5282361507415771,35012.37598585204,0.3655850150007609,0,0.0,1.100000023841858,8.0,13.0,true,0.4046383887702167,1326,3277,32,32,,47.0,259,228,5,1,succeeded,0.04888145253062248,0.039437901228666306,true
l7k_router_equal_budget_20260704_a1e311f_wave2,a1e311fcf924d5a18b8b503605d3ae12509cc2c8,foureyes,1,26011,10,st_gumbel_seed21002,st_gumbel,split_minleaf,0.001,split_routing_output,1,2,all,0.5,true,5,4,0.2,43,blocks.10.reverse_block.mixer.mixer.out_proj,train_eval,1,false,succeeded,succeeded,32768,131072,29491,3277,holdout,0.1,1.006685733795166,0.7022276520729065,0.3044580817222595,0.5230398178100586,29650.11841053434,0.4317014799999015,1,0.0,1.0,7.0,15.79999828338623,true,0.4339334757400061,1422,3277,32,32,,47.0,259,228,5,1,succeeded,0.0603494830429554,0.04899909347295761,true
l7k_router_equal_budget_20260704_a1e311f_wave2,a1e311fcf924d5a18b8b503605d3ae12509cc2c8,foureyes,1,26011,10,st_gumbel_seed21002,st_gumbel,split_minleaf,0.001,split_routing_output,1,2,all,0.5,true,5,4,0.2,45,blocks.11.forward_block.mixer.mixer.out_proj,train_eval,1,false,succeeded,succeeded,32768,131072,29491,3277,holdout,0.1,1.0069420337677002,0.7137430906295776,0.29319894313812256,0.48624688386917114,34863.123563678826,0.3671501200005878,1,0.0,3.1000001430511475,7.0,14.0,true,0.3997558742752518,1310,3277,32,32,,47.0,259,228,5,1,succeeded,0.08971792459487915,0.07292430847883224,true
l7k_router_equal_budget_20260704_a1e311f_wave2,a1e311fcf924d5a18b8b503605d3ae12509cc2c8,foureyes,1,26011,10,st_gumbel_seed21002,st_gumbel,split_minleaf,0.001,split_routing_output,1,2,all,0.5,true,5,4,0.2,47,blocks.11.reverse_block.mixer.mixer.out_proj,train_eval,1,false,succeeded,succeeded,32768,131072,29491,3277,holdout,0.1,1.007782220840454,0.7019137144088745,0.3058685064315796,0.5000019073486328,33427.84761273308,0.3829142739996314,0,0.0,5.0,6.0,13.79999828338623,true,0.41470857491608176,1359,3277,32,32,,47.0,259,228,5,1,succeeded,0.08304613828659058,0.06640735268592834,true
l7k_router_equal_budget_20260704_a1e311f_wave2,a1e311fcf924d5a18b8b503605d3ae12509cc2c8,foureyes,2,26012,11,st_gumbel_seed21003,st_gumbel,split_minleaf,0.001,split_routing_output,1,2,all,0.5,true,5,4,0.2,35,blocks.8.reverse_block.mixer.mixer.out_proj,train_eval,1,false,succeeded,succeeded,32768,131072,29491,3277,holdout,0.1,1.006970763206482,0.6623290777206421,0.34464168548583984,0.5521163940429688,24868.130714171726,0.5147150039992994,0,0.0,2.1000001430511475,6.0,11.899999618530273,true,0.47329874885566064,1551,3277,32,32,,47.0,259,228,5,1,succeeded,0.04189557209610939,0.033817268908023834,true
l7k_router_equal_budget_20260704_a1e311f_wave2,a1e311fcf924d5a18b8b503605d3ae12509cc2c8,foureyes,2,26012,11,st_gumbel_seed21003,st_gumbel,split_minleaf,0.001,split_routing_output,1,2,all,0.5,true,5,4,0.2,39,blocks.9.reverse_block.mixer.mixer.out_proj,train_eval,1,false,succeeded,succeeded,32768,131072,29491,3277,holdout,0.1,1.0071606636047363,0.6984372735023499,0.3087233901023865,0.5258697867393494,31600.58449136583,0.4050557989994559,1,0.0,2.1000001430511475,7.5,16.59999656677246,true,0.44583460482148307,1461,3277,32,32,,47.0,259,228,5,1,succeeded,0.04599321261048317,0.03689194470643997,true
l7k_router_equal_budget_20260704_a1e311f_wave2,a1e311fcf924d5a18b8b503605d3ae12509cc2c8,foureyes,2,26012,11,st_gumbel_seed21003,st_gumbel,split_minleaf,0.001,split_routing_output,1,2,all,0.5,true,5,4,0.2,41,blocks.10.forward_block.mixer.mixer.out_proj,train_eval,1,false,succeeded,succeeded,32768,131072,29491,3277,holdout,0.1,1.00682532787323,0.7037717700004578,0.3030535578727722,0.5285404920578003,30754.6861684463,0.4161967359996197,1,0.0,2.1000001430511475,7.0,13.699997901916504,true,0.44095209032651816,1445,3277,32,32,,47.0,259,228,5,1,succeeded,0.048751622438430786,0.039271410554647446,true
l7k_router_equal_budget_20260704_a1e311f_wave2,a1e311fcf924d5a18b8b503605d3ae12509cc2c8,foureyes,2,26012,11,st_gumbel_seed21003,st_gumbel,split_minleaf,0.001,split_routing_output,1,2,all,0.5,true,5,4,0.2,43,blocks.10.reverse_block.mixer.mixer.out_proj,train_eval,1,false,succeeded,succeeded,32768,131072,29491,3277,holdout,0.1,1.0056289434432983,0.6912689805030823,0.31435996294021606,0.5343308448791504,33913.21738030937,0.3774339619994862,2,0.0,2.0,8.0,15.899999618530273,true,0.4461397619774184,1462,3277,32,32,,47.0,259,228,5,1,succeeded,0.05961725860834122,0.048354823142290115,true
l7k_router_equal_budget_20260704_a1e311f_wave2,a1e311fcf924d5a18b8b503605d3ae12509cc2c8,foureyes,2,26012,11,st_gumbel_seed21003,st_gumbel,split_minleaf,0.001,split_routing_output,1,2,all,0.5,true,5,4,0.2,45,blocks.11.forward_block.mixer.mixer.out_proj,train_eval,1,false,succeeded,succeeded,32768,131072,29491,3277,holdout,0.1,1.0087766647338867,0.7162982821464539,0.29247838258743286,0.48482629656791687,32852.57457472561,0.38961938799911877,0,0.0,3.1000001430511475,7.0,13.899999618530273,true,0.4382056759231004,1436,3277,32,32,,47.0,259,228,5,1,succeeded,0.08997563272714615,0.07324553281068802,true
l7k_router_equal_budget_20260704_a1e311f_wave2,a1e311fcf924d5a18b8b503605d3ae12509cc2c8,foureyes,2,26012,11,st_gumbel_seed21003,st_gumbel,split_minleaf,0.001,split_routing_output,1,2,all,0.5,true,5,4,0.2,47,blocks.11.reverse_block.mixer.mixer.out_proj,train_eval,1,false,succeeded,succeeded,32768,131072,29491,3277,holdout,0.1,1.0082788467407227,0.7007038593292236,0.307574987411499,0.49735504388809204,33341.51051243257,0.38390582200008794,0,0.0,4.0,7.0,14.0,true,0.4430881904180653,1452,3277,32,32,,47.0,259,228,5,1,succeeded,0.08190939575433731,0.06627649813890457,true
l7k_router_equal_budget_20260704_a1e311f_wave2,a1e311fcf924d5a18b8b503605d3ae12509cc2c8,foureyes,3,26013,12,expert_choice_imitation_seed21001,expert_choice_imitation,split_minleaf,0.001,split_routing_output,1,2,all,0.5,true,5,4,0.2,35,blocks.8.reverse_block.mixer.mixer.out_proj,train_eval,1,false,succeeded,succeeded,32768,131072,29491,3277,holdout,0.1,1.008767008781433,0.6497147083282471,0.35905230045318604,0.5629048347473145,21594.410184336197,0.592745988000388,0,0.6893429160118103,3.0,6.5,14.699997901916504,true,0.7976808056148916,2614,3277,32,32,,47.0,259,228,5,1,succeeded,0.04119624197483063,0.03308459743857384,true
l7k_router_equal_budget_20260704_a1e311f_wave2,a1e311fcf924d5a18b8b503605d3ae12509cc2c8,foureyes,3,26013,12,expert_choice_imitation_seed21001,expert_choice_imitation,split_minleaf,0.001,split_routing_output,1,2,all,0.5,true,5,4,0.2,39,blocks.9.reverse_block.mixer.mixer.out_proj,train_eval,1,false,succeeded,succeeded,32768,131072,29491,3277,holdout,0.1,1.0074396133422852,0.6872140765190125,0.3202255368232727,0.5306056141853333,26903.45625991857,0.4757753009998851,0,0.6905879378318787,4.0,6.5,13.0,true,0.740311260299054,2426,3277,32,32,,47.0,259,228,5,1,succeeded,0.045320119708776474,0.03608330711722374,true
l7k_router_equal_budget_20260704_a1e311f_wave2,a1e311fcf924d5a18b8b503605d3ae12509cc2c8,foureyes,3,26013,12,expert_choice_imitation_seed21001,expert_choice_imitation,split_minleaf,0.001,split_routing_output,1,2,all,0.5,true,5,4,0.2,41,blocks.10.forward_block.mixer.mixer.out_proj,train_eval,1,false,succeeded,succeeded,32768,131072,29491,3277,holdout,0.1,1.007493257522583,0.686241865158081,0.32125139236450195,0.5404590368270874,29195.083918315664,0.43842997799947625,0,0.6902123689651489,3.0,7.5,13.0,true,0.7503814464449191,2459,3277,32,32,,47.0,259,228,5,1,succeeded,0.04784379154443741,0.03844035789370537,true
l7k_router_equal_budget_20260704_a1e311f_wave2,a1e311fcf924d5a18b8b503605d3ae12509cc2c8,foureyes,3,26013,12,expert_choice_imitation_seed21001,expert_choice_imitation,split_minleaf,0.001,split_routing_output,1,2,all,0.5,true,5,4,0.2,43,blocks.10.reverse_block.mixer.mixer.out_proj,train_eval,1,false,succeeded,succeeded,32768,131072,29491,3277,holdout,0.1,1.0077369213104248,0.6893548369407654,0.3183820843696594,0.5270116925239563,27267.046586475673,0.46943111199834675,0,0.6898350715637207,2.1000001430511475,7.0,16.59999656677246,true,0.7723527616722612,2531,3277,32,32,,47.0,259,228,5,1,succeeded,0.05928700417280197,0.04782934486865997,true
l7k_router_equal_budget_20260704_a1e311f_wave2,a1e311fcf924d5a18b8b503605d3ae12509cc2c8,foureyes,3,26013,12,expert_choice_imitation_seed21001,expert_choice_imitation,split_minleaf,0.001,split_routing_output,1,2,all,0.5,true,5,4,0.2,45,blocks.11.forward_block.mixer.mixer.out_proj,train_eval,1,false,succeeded,succeeded,32768,131072,29491,3277,holdout,0.1,1.0090082883834839,0.7025817632675171,0.3064265251159668,0.49310410022735596,27485.488338541923,0.46570029400027124,1,0.6875118017196655,2.0,6.5,19.699996948242188,true,0.7360390601159598,2412,3277,32,32,,47.0,259,228,5,1,succeeded,0.08816362172365189,0.07134775817394257,true
l7k_router_equal_budget_20260704_a1e311f_wave2,a1e311fcf924d5a18b8b503605d3ae12509cc2c8,foureyes,3,26013,12,expert_choice_imitation_seed21001,expert_choice_imitation,split_minleaf,0.001,split_routing_output,1,2,all,0.5,true,5,4,0.2,47,blocks.11.reverse_block.mixer.mixer.out_proj,train_eval,1,false,succeeded,succeeded,32768,131072,29491,3277,holdout,0.1,1.0058659315109253,0.6848120093345642,0.3210539221763611,0.5032861232757568,27218.626733827838,0.47026619399912306,0,0.688481867313385,3.1000001430511475,6.5,13.79999828338623,true,0.7674702471772963,2515,3277,32,32,,47.0,259,228,5,1,succeeded,0.08050268143415451,0.06472401320934296,true
l7k_router_equal_budget_20260704_a1e311f_wave3,fbe1b3dd28945ade456d36e865d0f80e0998ea22,ripper,0,26013,13,expert_choice_imitation_seed21002,expert_choice_imitation,split_minleaf,0.001,split_routing_output,1,2,all,0.5,true,5,4,0.2,35,blocks.8.reverse_block.mixer.mixer.out_proj,train_eval,1,false,succeeded,succeeded,32768,131072,29491,3277,holdout,0.1,1.0062086582183838,0.6467922925949097,0.3594163656234741,0.5646735429763794,19731.467582510806,0.6487099829992076,0,0.6896551847457886,3.0,6.0,13.79999828338623,true,0.8172108635947513,2678,3277,32,32,,47.0,259,228,5,1,succeeded,0.04152914509177208,0.033013857901096344,true
l7k_router_equal_budget_20260704_a1e311f_wave3,fbe1b3dd28945ade456d36e865d0f80e0998ea22,ripper,0,26013,13,expert_choice_imitation_seed21002,expert_choice_imitation,split_minleaf,0.001,split_routing_output,1,2,all,0.5,true,5,4,0.2,39,blocks.9.reverse_block.mixer.mixer.out_proj,train_eval,1,false,succeeded,succeeded,32768,131072,29491,3277,holdout,0.1,1.0070912837982178,0.685504138469696,0.32158714532852173,0.533984363079071,25505.042787344835,0.5018615379995026,1,0.6905680298805237,4.0,6.0,14.79999828338623,true,0.7519072322245957,2464,3277,32,32,,47.0,259,228,5,1,succeeded,0.045191798359155655,0.036135490983724594,true
l7k_router_equal_budget_20260704_a1e311f_wave3,fbe1b3dd28945ade456d36e865d0f80e0998ea22,ripper,0,26013,13,expert_choice_imitation_seed21002,expert_choice_imitation,split_minleaf,0.001,split_routing_output,1,2,all,0.5,true,5,4,0.2,41,blocks.10.forward_block.mixer.mixer.out_proj,train_eval,1,false,succeeded,succeeded,32768,131072,29491,3277,holdout,0.1,1.006288766860962,0.6921015381813049,0.314187228679657,0.5327501893043518,25746.08244794368,0.49716301599983126,0,0.6903589367866516,3.0,7.0,16.699996948242188,true,0.763198046994202,2501,3277,32,32,,47.0,259,228,5,1,succeeded,0.047906190156936646,0.03865940496325493,true
l7k_router_equal_budget_20260704_a1e311f_wave3,fbe1b3dd28945ade456d36e865d0f80e0998ea22,ripper,0,26013,13,expert_choice_imitation_seed21002,expert_choice_imitation,split_minleaf,0.001,split_routing_output,1,2,all,0.5,true,5,4,0.2,43,blocks.10.reverse_block.mixer.mixer.out_proj,train_eval,1,false,succeeded,succeeded,32768,131072,29491,3277,holdout,0.1,1.0089868307113647,0.6846269965171814,0.32435983419418335,0.5344884991645813,25210.389365323386,0.5077271840000321,1,0.6898690462112427,4.099999904632568,8.0,12.899999618530273,true,0.7436679890143424,2437,3277,32,32,,47.0,259,228,5,1,succeeded,0.05919269472360611,0.047780755907297134,true
l7k_router_equal_budget_20260704_a1e311f_wave3,fbe1b3dd28945ade456d36e865d0f80e0998ea22,ripper,0,26013,13,expert_choice_imitation_seed21002,expert_choice_imitation,split_minleaf,0.001,split_routing_output,1,2,all,0.5,true,5,4,0.2,45,blocks.11.forward_block.mixer.mixer.out_proj,train_eval,1,false,succeeded,succeeded,32768,131072,29491,3277,holdout,0.1,1.0084357261657715,0.6982215046882629,0.31021422147750854,0.4980318248271942,26243.100025253396,0.4877472549997037,0,0.6871036291122437,2.1000001430511475,6.5,14.79999828338623,true,0.7238327738785475,2372,3277,32,32,,47.0,259,228,5,1,succeeded,0.08781266957521439,0.07082145661115646,true
l7k_router_equal_budget_20260704_a1e311f_wave3,fbe1b3dd28945ade456d36e865d0f80e0998ea22,ripper,0,26013,13,expert_choice_imitation_seed21002,expert_choice_imitation,split_minleaf,0.001,split_routing_output,1,2,all,0.5,true,5,4,0.2,47,blocks.11.reverse_block.mixer.mixer.out_proj,train_eval,1,false,succeeded,succeeded,32768,131072,29491,3277,holdout,0.1,1.0087039470672607,0.6919276714324951,0.3167762756347656,0.4970129728317261,27830.094429633034,0.4599337609997747,1,0.6882228851318359,3.0,7.5,13.899999618530273,true,0.7635032041501373,2502,3277,32,32,,47.0,259,228,5,1,succeeded,0.08174765110015869,0.06531176716089249,true
l7k_router_equal_budget_20260704_a1e311f_wave3,fbe1b3dd28945ade456d36e865d0f80e0998ea22,ripper,1,26014,14,expert_choice_imitation_seed21003,expert_choice_imitation,split_minleaf,0.001,split_routing_output,1,2,all,0.5,true,5,4,0.2,35,blocks.8.reverse_block.mixer.mixer.out_proj,train_eval,1,false,succeeded,succeeded,32768,131072,29491,3277,holdout,0.1,1.0069565773010254,0.652447521686554,0.35450905561447144,0.5570274591445923,18706.557390901155,0.6842520370009879,0,0.6900392770767212,3.0,6.5,15.0,true,0.7589258468111078,2487,3277,32,32,,47.0,259,228,5,1,succeeded,0.041229248046875,0.03327721729874611,true
l7k_router_equal_budget_20260704_a1e311f_wave3,fbe1b3dd28945ade456d36e865d0f80e0998ea22,ripper,1,26014,14,expert_choice_imitation_seed21003,expert_choice_imitation,split_minleaf,0.001,split_routing_output,1,2,all,0.5,true,5,4,0.2,39,blocks.9.reverse_block.mixer.mixer.out_proj,train_eval,1,false,succeeded,succeeded,32768,131072,29491,3277,holdout,0.1,1.0085558891296387,0.6877020001411438,0.3208538889884949,0.5328027606010437,26003.734501877938,0.49223699000140186,0,0.690265417098999,3.0,7.5,15.699997901916504,true,0.7613671040585902,2495,3277,32,32,,47.0,259,228,5,1,succeeded,0.04513130336999893,0.03630874305963516,true
l7k_router_equal_budget_20260704_a1e311f_wave3,fbe1b3dd28945ade456d36e865d0f80e0998ea22,ripper,1,26014,14,expert_choice_imitation_seed21003,expert_choice_imitation,split_minleaf,0.001,split_routing_output,1,2,all,0.5,true,5,4,0.2,41,blocks.10.forward_block.mixer.mixer.out_proj,train_eval,1,false,succeeded,succeeded,32768,131072,29491,3277,holdout,0.1,1.0082088708877563,0.691937267780304,0.3162716031074524,0.5377331972122192,28649.186941219406,0.4467840580000484,0,0.690307080745697,3.1000001430511475,6.5,14.899999618530273,true,0.7430576747024717,2435,3277,32,32,,47.0,259,228,5,1,succeeded,0.04819947108626366,0.03867005929350853,true
l7k_router_equal_budget_20260704_a1e311f_wave3,fbe1b3dd28945ade456d36e865d0f80e0998ea22,ripper,1,26014,14,expert_choice_imitation_seed21003,expert_choice_imitation,split_minleaf,0.001,split_routing_output,1,2,all,0.5,true,5,4,0.2,43,blocks.10.reverse_block.mixer.mixer.out_proj,train_eval,1,false,succeeded,succeeded,32768,131072,29491,3277,holdout,0.1,1.007846474647522,0.6869823336601257,0.32086414098739624,0.5315966010093689,26842.426288415358,0.4768570420001197,0,0.6898030042648315,2.1000001430511475,6.0,15.0,true,0.8156850778150747,2673,3277,32,32,,47.0,259,228,5,1,succeeded,0.05933151766657829,0.04787282273173332,true
l7k_router_equal_budget_20260704_a1e311f_wave3,fbe1b3dd28945ade456d36e865d0f80e0998ea22,ripper,1,26014,14,expert_choice_imitation_seed21003,expert_choice_imitation,split_minleaf,0.001,split_routing_output,1,2,all,0.5,true,5,4,0.2,45,blocks.11.forward_block.mixer.mixer.out_proj,train_eval,1,false,succeeded,succeeded,32768,131072,29491,3277,holdout,0.1,1.0101555585861206,0.7045451998710632,0.3056103587150574,0.4934454560279846,29439.42687622485,0.43479107299936004,1,0.6868734955787659,2.0,7.0,14.899999618530273,true,0.7259688739700946,2379,3277,32,32,,47.0,259,228,5,1,succeeded,0.08809325098991394,0.0713605061173439,true
l7k_router_equal_budget_20260704_a1e311f_wave3,fbe1b3dd28945ade456d36e865d0f80e0998ea22,ripper,1,26014,14,expert_choice_imitation_seed21003,expert_choice_imitation,split_minleaf,0.001,split_routing_output,1,2,all,0.5,true,5,4,0.2,47,blocks.11.reverse_block.mixer.mixer.out_proj,train_eval,1,false,succeeded,succeeded,32768,131072,29491,3277,holdout,0.1,1.0070109367370605,0.6963481307029724,0.31066280603408813,0.4927285313606262,27600.26941219313,0.46376358900124615,0,0.688388466835022,3.0,7.0,14.0,true,0.6878242294781812,2254,3277,32,32,,47.0,259,228,5,1,succeeded,0.08144018799066544,0.0652894452214241,true
l7k_router_equal_budget_20260704_a1e311f_wave3,fbe1b3dd28945ade456d36e865d0f80e0998ea22,ripper,2,26015,15,utility_targeted_ste_seed21001,utility_targeted_ste,split_minleaf,0.001,split_routing_output,1,2,all,0.5,true,5,4,0.2,35,blocks.8.reverse_block.mixer.mixer.out_proj,train_eval,1,false,succeeded,succeeded,32768,131072,29491,3277,holdout,0.1,1.0087498426437378,0.6514272689819336,0.3573225736618042,0.5641397833824158,21454.36976948898,0.5966150549993472,2,0.0,2.0,5.0,19.899999618530273,true,0.7812023191943851,2560,3277,32,32,,47.0,259,228,5,1,succeeded,0.04122050851583481,0.033144038170576096,true
l7k_router_equal_budget_20260704_a1e311f_wave3,fbe1b3dd28945ade456d36e865d0f80e0998ea22,ripper,2,26015,15,utility_targeted_ste_seed21001,utility_targeted_ste,split_minleaf,0.001,split_routing_output,1,2,all,0.5,true,5,4,0.2,39,blocks.9.reverse_block.mixer.mixer.out_proj,train_eval,1,false,succeeded,succeeded,32768,131072,29491,3277,holdout,0.1,1.0074442625045776,0.6952651143074036,0.3121791481971741,0.5293399691581726,25411.297685513837,0.5037129609991098,1,0.0,3.0,6.5,16.699996948242188,true,0.744278303326213,2439,3277,32,32,,47.0,259,228,5,1,succeeded,0.04580659791827202,0.036475252360105515,true
l7k_router_equal_budget_20260704_a1e311f_wave3,fbe1b3dd28945ade456d36e865d0f80e0998ea22,ripper,2,26015,15,utility_targeted_ste_seed21001,utility_targeted_ste,split_minleaf,0.001,split_routing_output,1,2,all,0.5,true,5,4,0.2,41,blocks.10.forward_block.mixer.mixer.out_proj,train_eval,1,false,succeeded,succeeded,32768,131072,29491,3277,holdout,0.1,1.0074784755706787,0.6918632984161377,0.315615177154541,0.540036678314209,26024.65628804674,0.4918412699989858,1,0.0,2.0,6.5,16.0,true,0.7708269758925846,2526,3277,32,32,,47.0,259,228,5,1,succeeded,0.048296328634023666,0.038698431104421616,true
l7k_router_equal_budget_20260704_a1e311f_wave3,fbe1b3dd28945ade456d36e865d0f80e0998ea22,ripper,2,26015,15,utility_targeted_ste_seed21001,utility_targeted_ste,split_minleaf,0.001,split_routing_output,1,2,all,0.5,true,5,4,0.2,43,blocks.10.reverse_block.mixer.mixer.out_proj,train_eval,1,false,succeeded,succeeded,32768,131072,29491,3277,holdout,0.1,1.0077229738235474,0.6902778744697571,0.3174450993537903,0.529585063457489,24390.045036245603,0.5248042789989995,2,0.0,1.0,7.0,17.0,true,0.8001220628623741,2622,3277,32,32,,47.0,259,228,5,1,succeeded,0.05947771668434143,0.04802846536040306,true
l7k_router_equal_budget_20260704_a1e311f_wave3,fbe1b3dd28945ade456d36e865d0f80e0998ea22,ripper,2,26015,15,utility_targeted_ste_seed21001,utility_targeted_ste,split_minleaf,0.001,split_routing_output,1,2,all,0.5,true,5,4,0.2,45,blocks.11.forward_block.mixer.mixer.out_proj,train_eval,1,false,succeeded,succeeded,32768,131072,29491,3277,holdout,0.1,1.0090060234069824,0.7076442837715149,0.30136173963546753,0.4915807545185089,23799.770994572806,0.5378203009986464,1,0.0,2.1000001430511475,4.5,20.099992752075195,true,0.7348184314922185,2408,3277,32,32,,47.0,259,228,5,1,succeeded,0.08871352672576904,0.07199935615062714,true
l7k_router_equal_budget_20260704_a1e311f_wave3,fbe1b3dd28945ade456d36e865d0f80e0998ea22,ripper,2,26015,15,utility_targeted_ste_seed21001,utility_targeted_ste,split_minleaf,0.001,split_routing_output,1,2,all,0.5,true,5,4,0.2,47,blocks.11.reverse_block.mixer.mixer.out_proj,train_eval,1,false,succeeded,succeeded,32768,131072,29491,3277,holdout,0.1,1.0058574676513672,0.6940411329269409,0.31181633472442627,0.5025373101234436,22441.50179864803,0.5703718099994148,1,0.0,2.0,5.5,15.699997901916504,true,0.7644186756179432,2505,3277,32,32,,47.0,259,228,5,1,succeeded,0.08073785901069641,0.0652284100651741,true
l7k_router_equal_budget_20260704_a1e311f_wave3,fbe1b3dd28945ade456d36e865d0f80e0998ea22,ripper,3,26016,16,utility_targeted_ste_seed21002,utility_targeted_ste,split_minleaf,0.001,split_routing_output,1,2,all,0.5,true,5,4,0.2,35,blocks.8.reverse_block.mixer.mixer.out_proj,train_eval,1,false,succeeded,succeeded,32768,131072,29491,3277,holdout,0.1,1.0062086582183838,0.6507784724235535,0.3554301857948303,0.5637555122375488,19585.487988862904,0.6535451149993605,0,0.0,2.0,4.5,15.899999618530273,true,0.8501678364357644,2786,3277,32,32,,47.0,259,228,5,1,succeeded,0.04152979701757431,0.03316311165690422,true
l7k_router_equal_budget_20260704_a1e311f_wave3,fbe1b3dd28945ade456d36e865d0f80e0998ea22,ripper,3,26016,16,utility_targeted_ste_seed21002,utility_targeted_ste,split_minleaf,0.001,split_routing_output,1,2,all,0.5,true,5,4,0.2,39,blocks.9.reverse_block.mixer.mixer.out_proj,train_eval,1,false,succeeded,succeeded,32768,131072,29491,3277,holdout,0.1,1.0070912837982178,0.6901811361312866,0.31691014766693115,0.5342055559158325,24115.181355777393,0.5307859730000928,2,0.0,1.0,8.0,16.899999618530273,true,0.7381751602075068,2419,3277,32,32,,47.0,259,228,5,1,succeeded,0.04559421166777611,0.0363583043217659,true
l7k_router_equal_budget_20260704_a1e311f_wave3,fbe1b3dd28945ade456d36e865d0f80e0998ea22,ripper,3,26016,16,utility_targeted_ste_seed21002,utility_targeted_ste,split_minleaf,0.001,split_routing_output,1,2,all,0.5,true,5,4,0.2,41,blocks.10.forward_block.mixer.mixer.out_proj,train_eval,1,false,succeeded,succeeded,32768,131072,29491,3277,holdout,0.1,1.006288766860962,0.693773090839386,0.3125156760215759,0.5339140892028809,22386.11634328525,0.5717829660006828,1,0.0,1.0,4.0,21.699996948242188,true,0.8013426914861154,2626,3277,32,32,,47.0,259,228,5,1,succeeded,0.048214852809906006,0.038781508803367615,true
l7k_router_equal_budget_20260704_a1e311f_wave3,fbe1b3dd28945ade456d36e865d0f80e0998ea22,ripper,3,26016,16,utility_targeted_ste_seed21002,utility_targeted_ste,split_minleaf,0.001,split_routing_output,1,2,all,0.5,true,5,4,0.2,43,blocks.10.reverse_block.mixer.mixer.out_proj,train_eval,1,false,succeeded,succeeded,32768,131072,29491,3277,holdout,0.1,1.0089868307113647,0.688086748123169,0.3209000825881958,0.5356271862983704,23304.283815256153,0.5492552400010027,1,0.0,1.0,6.5,16.899999618530273,true,0.8074458346048214,2646,3277,32,32,,47.0,259,228,5,1,succeeded,0.059502169489860535,0.048040907829999924,true
l7k_router_equal_budget_20260704_a1e311f_wave3,fbe1b3dd28945ade456d36e865d0f80e0998ea22,ripper,3,26016,16,utility_targeted_ste_seed21002,utility_targeted_ste,split_minleaf,0.001,split_routing_output,1,2,all,0.5,true,5,4,0.2,45,blocks.11.forward_block.mixer.mixer.out_proj,train_eval,1,false,succeeded,succeeded,32768,131072,29491,3277,holdout,0.1,1.0084357261657715,0.6963138580322266,0.3121218681335449,0.5002022981643677,23934.435383878725,0.5347943160013529,2,0.0,2.0,6.0,17.699996948242188,true,0.7268843454379005,2382,3277,32,32,,47.0,259,228,5,1,succeeded,0.08826135098934174,0.070979043841362,true
l7k_router_equal_budget_20260704_a1e311f_wave3,fbe1b3dd28945ade456d36e865d0f80e0998ea22,ripper,3,26016,16,utility_targeted_ste_seed21002,utility_targeted_ste,split_minleaf,0.001,split_routing_output,1,2,all,0.5,true,5,4,0.2,47,blocks.11.reverse_block.mixer.mixer.out_proj,train_eval,1,false,succeeded,succeeded,32768,131072,29491,3277,holdout,0.1,1.0087039470672607,0.698096513748169,0.3106074333190918,0.4969656765460968,25744.421104991423,0.49719509900023695,1,0.0,2.0,6.5,17.199993133544922,true,0.7497711321330485,2457,3277,32,32,,47.0,259,228,5,1,succeeded,0.08236780017614365,0.06590946763753891,true
l7k_router_equal_budget_20260704_a1e311f_wave3,fbe1b3dd28945ade456d36e865d0f80e0998ea22,foureyes,0,26017,17,utility_targeted_ste_seed21003,utility_targeted_ste,split_minleaf,0.001,split_routing_output,1,2,all,0.5,true,5,4,0.2,35,blocks.8.reverse_block.mixer.mixer.out_proj,train_eval,1,false,succeeded,succeeded,32768,131072,29491,3277,holdout,0.1,1.006970763206482,0.6564408540725708,0.35052990913391113,0.5559911131858826,19520.748602157273,0.6557125580002321,1,0.0,2.0,4.0,22.499996185302734,true,0.7812023191943851,2560,3277,32,32,,47.0,259,228,5,1,succeeded,0.04143133759498596,0.03345188498497009,true
l7k_router_equal_budget_20260704_a1e311f_wave3,fbe1b3dd28945ade456d36e865d0f80e0998ea22,foureyes,0,26017,17,utility_targeted_ste_seed21003,utility_targeted_ste,split_minleaf,0.001,split_routing_output,1,2,all,0.5,true,5,4,0.2,39,blocks.9.reverse_block.mixer.mixer.out_proj,train_eval,1,false,succeeded,succeeded,32768,131072,29491,3277,holdout,0.1,1.0085484981536865,0.6905580759048462,0.31799042224884033,0.5332171320915222,25742.50779446457,0.4972320529996068,1,0.0,1.0,7.0,17.699996948242188,true,0.7754043332316143,2541,3277,32,32,,47.0,259,228,5,1,succeeded,0.04543512687087059,0.03644171729683876,true
l7k_router_equal_budget_20260704_a1e311f_wave3,fbe1b3dd28945ade456d36e865d0f80e0998ea22,foureyes,0,26017,17,utility_targeted_ste_seed21003,utility_targeted_ste,split_minleaf,0.001,split_routing_output,1,2,all,0.5,true,5,4,0.2,41,blocks.10.forward_block.mixer.mixer.out_proj,train_eval,1,false,succeeded,succeeded,32768,131072,29491,3277,holdout,0.1,1.0082095861434937,0.6962358355522156,0.3119737505912781,0.536766767501831,24278.299476268792,0.5272197920003237,1,0.0,1.0,5.0,22.0,true,0.7421422032346658,2432,3277,32,32,,47.0,259,228,5,1,succeeded,0.04849884286522865,0.03885030746459961,true
l7k_router_equal_budget_20260704_a1e311f_wave3,fbe1b3dd28945ade456d36e865d0f80e0998ea22,foureyes,0,26017,17,utility_targeted_ste_seed21003,utility_targeted_ste,split_minleaf,0.001,split_routing_output,1,2,all,0.5,true,5,4,0.2,43,blocks.10.reverse_block.mixer.mixer.out_proj,train_eval,1,false,succeeded,succeeded,32768,131072,29491,3277,holdout,0.1,1.007860541343689,0.6920181512832642,0.3158423900604248,0.5310332179069519,24289.926644277184,0.5269674209994264,3,0.0,1.100000023841858,5.5,16.899999618530273,true,0.8263655782728105,2708,3277,32,32,,47.0,259,228,5,1,succeeded,0.05966038256883621,0.048221513628959656,true
l7k_router_equal_budget_20260704_a1e311f_wave3,fbe1b3dd28945ade456d36e865d0f80e0998ea22,foureyes,0,26017,17,utility_targeted_ste_seed21003,utility_targeted_ste,split_minleaf,0.001,split_routing_output,1,2,all,0.5,true,5,4,0.2,45,blocks.11.forward_block.mixer.mixer.out_proj,train_eval,1,false,succeeded,succeeded,32768,131072,29491,3277,holdout,0.1,1.0101628303527832,0.708586573600769,0.30157625675201416,0.4918532967567444,23421.209693823934,0.5465131889995973,3,0.0,1.0,5.0,15.0,true,0.7476350320415014,2450,3277,32,32,,47.0,259,228,5,1,succeeded,0.08871100097894669,0.07169026136398315,true
l7k_router_equal_budget_20260704_a1e311f_wave3,fbe1b3dd28945ade456d36e865d0f80e0998ea22,foureyes,0,26017,17,utility_targeted_ste_seed21003,utility_targeted_ste,split_minleaf,0.001,split_routing_output,1,2,all,0.5,true,5,4,0.2,47,blocks.11.reverse_block.mixer.mixer.out_proj,train_eval,1,false,succeeded,succeeded,32768,131072,29491,3277,holdout,0.1,1.0070059299468994,0.7023818492889404,0.304624080657959,0.49179667234420776,23014.756374942448,0.5561649139999645,0,0.0,2.0,6.0,16.799999237060547,true,0.759231003967043,2488,3277,32,32,,47.0,259,228,5,1,succeeded,0.08199477940797806,0.06605374068021774,true
l7k_router_equal_budget_20260704_a1e311f_wave3,fbe1b3dd28945ade456d36e865d0f80e0998ea22,foureyes,1,26018,18,hard_em_utility_ste_seed21001,hard_em_utility_ste,split_minleaf,0.001,split_routing_output,1,2,all,0.5,true,5,4,0.2,35,blocks.8.reverse_block.mixer.mixer.out_proj,train_eval,1,false,succeeded,succeeded,32768,131072,29491,3277,holdout,0.1,1.008767008781433,0.6516599655151367,0.3571070432662964,0.5638788938522339,19331.327362799173,0.662137666999115,2,0.0,1.100000023841858,5.0,19.899999618530273,true,0.7799816905706439,2556,3277,32,32,,47.0,259,228,5,1,succeeded,0.04122062027454376,0.03314648196101189,true
l7k_router_equal_budget_20260704_a1e311f_wave3,fbe1b3dd28945ade456d36e865d0f80e0998ea22,foureyes,1,26018,18,hard_em_utility_ste_seed21001,hard_em_utility_ste,split_minleaf,0.001,split_routing_output,1,2,all,0.5,true,5,4,0.2,39,blocks.9.reverse_block.mixer.mixer.out_proj,train_eval,1,false,succeeded,succeeded,32768,131072,29491,3277,holdout,0.1,1.0074396133422852,0.6958428621292114,0.31159675121307373,0.5289557576179504,25017.404539932937,0.5116438029999699,2,0.0,2.1000001430511475,7.0,14.899999618530273,true,0.7461092462618248,2445,3277,32,32,,47.0,259,228,5,1,succeeded,0.04582638293504715,0.036504413932561874,true
l7k_router_equal_budget_20260704_a1e311f_wave3,fbe1b3dd28945ade456d36e865d0f80e0998ea22,foureyes,1,26018,18,hard_em_utility_ste_seed21001,hard_em_utility_ste,split_minleaf,0.001,split_routing_output,1,2,all,0.5,true,5,4,0.2,41,blocks.10.forward_block.mixer.mixer.out_proj,train_eval,1,false,succeeded,succeeded,32768,131072,29491,3277,holdout,0.1,1.007493257522583,0.6921736598014832,0.31531959772109985,0.5400100946426392,24053.929677018637,0.5321375830008037,1,0.0,1.0,6.5,16.899999618530273,true,0.7729630759841318,2533,3277,32,32,,47.0,259,228,5,1,succeeded,0.04829481616616249,0.03871015086770058,true
l7k_router_equal_budget_20260704_a1e311f_wave3,fbe1b3dd28945ade456d36e865d0f80e0998ea22,foureyes,1,26018,18,hard_em_utility_ste_seed21001,hard_em_utility_ste,split_minleaf,0.001,split_routing_output,1,2,all,0.5,true,5,4,0.2,43,blocks.10.reverse_block.mixer.mixer.out_proj,train_eval,1,false,succeeded,succeeded,32768,131072,29491,3277,holdout,0.1,1.0077369213104248,0.6891577243804932,0.31857919692993164,0.5299996137619019,23768.543895369334,0.5385268889986037,3,0.0,1.0,6.5,16.799999237060547,true,0.7976808056148916,2614,3277,32,32,,47.0,259,228,5,1,succeeded,0.05949053168296814,0.04800223931670189,true
l7k_router_equal_budget_20260704_a1e311f_wave3,fbe1b3dd28945ade456d36e865d0f80e0998ea22,foureyes,1,26018,18,hard_em_utility_ste_seed21001,hard_em_utility_ste,split_minleaf,0.001,split_routing_output,1,2,all,0.5,true,5,4,0.2,45,blocks.11.forward_block.mixer.mixer.out_proj,train_eval,1,false,succeeded,succeeded,32768,131072,29491,3277,holdout,0.1,1.0090082883834839,0.7080876231193542,0.30092066526412964,0.49143320322036743,26331.057805996606,0.4861179560011806,2,0.0,2.1000001430511475,5.0,20.199993133544922,true,0.7415318889227952,2430,3277,32,32,,47.0,259,228,5,1,succeeded,0.08872530609369278,0.07205411791801453,true
l7k_router_equal_budget_20260704_a1e311f_wave3,fbe1b3dd28945ade456d36e865d0f80e0998ea22,foureyes,1,26018,18,hard_em_utility_ste_seed21001,hard_em_utility_ste,split_minleaf,0.001,split_routing_output,1,2,all,0.5,true,5,4,0.2,47,blocks.11.reverse_block.mixer.mixer.out_proj,train_eval,1,false,succeeded,succeeded,32768,131072,29491,3277,holdout,0.1,1.0058659315109253,0.6938850283622742,0.3119809031486511,0.5026008486747742,25635.469286594194,0.4993081989996426,1,0.0,2.0,5.5,14.79999828338623,true,0.7610619469026548,2494,3277,32,32,,47.0,259,228,5,1,succeeded,0.08070481568574905,0.0651954635977745,true
l7k_router_equal_budget_20260704_a1e311f_wave3,fbe1b3dd28945ade456d36e865d0f80e0998ea22,foureyes,2,26019,19,hard_em_utility_ste_seed21002,hard_em_utility_ste,split_minleaf,0.001,split_routing_output,1,2,all,0.5,true,5,4,0.2,35,blocks.8.reverse_block.mixer.mixer.out_proj,train_eval,1,false,succeeded,succeeded,32768,131072,29491,3277,holdout,0.1,1.0062365531921387,0.6512259840965271,0.3550105690956116,0.5637975931167603,20956.76355425618,0.6107813340004213,1,0.0,2.0,5.0,14.899999618530273,true,0.8495575221238938,2784,3277,32,32,,47.0,259,228,5,1,succeeded,0.0415680892765522,0.033173128962516785,true
l7k_router_equal_budget_20260704_a1e311f_wave3,fbe1b3dd28945ade456d36e865d0f80e0998ea22,foureyes,2,26019,19,hard_em_utility_ste_seed21002,hard_em_utility_ste,split_minleaf,0.001,split_routing_output,1,2,all,0.5,true,5,4,0.2,39,blocks.9.reverse_block.mixer.mixer.out_proj,train_eval,1,false,succeeded,succeeded,32768,131072,29491,3277,holdout,0.1,1.0070706605911255,0.6897342205047607,0.31733644008636475,0.5341801047325134,24612.773578720968,0.5200551640009508,2,0.0,1.0,7.0,18.799999237060547,true,0.7329874885566067,2402,3277,32,32,,47.0,259,228,5,1,succeeded,0.0455930158495903,0.036356814205646515,true
l7k_router_equal_budget_20260704_a1e311f_wave3,fbe1b3dd28945ade456d36e865d0f80e0998ea22,foureyes,2,26019,19,hard_em_utility_ste_seed21002,hard_em_utility_ste,split_minleaf,0.001,split_routing_output,1,2,all,0.5,true,5,4,0.2,41,blocks.10.forward_block.mixer.mixer.out_proj,train_eval,1,false,succeeded,succeeded,32768,131072,29491,3277,holdout,0.1,1.0062593221664429,0.6932245492935181,0.3130347728729248,0.5338043570518494,25229.463299171828,0.5073433329998807,2,0.0,1.0,4.5,19.799999237060547,true,0.7995117485505036,2620,3277,32,32,,47.0,259,228,5,1,succeeded,0.048214878886938095,0.038784127682447433,true
l7k_router_equal_budget_20260704_a1e311f_wave3,fbe1b3dd28945ade456d36e865d0f80e0998ea22,foureyes,2,26019,19,hard_em_utility_ste_seed21002,hard_em_utility_ste,split_minleaf,0.001,split_routing_output,1,2,all,0.5,true,5,4,0.2,43,blocks.10.reverse_block.mixer.mixer.out_proj,train_eval,1,false,succeeded,succeeded,32768,131072,29491,3277,holdout,0.1,1.008974552154541,0.6899930834770203,0.31898146867752075,0.5351772904396057,24508.033208681092,0.5222777319995657,3,0.0,1.0,6.0,18.0,true,0.8101922490082393,2655,3277,32,31,,47.0,259,228,5,1,succeeded,0.05950890854001045,0.04805515334010124,true
l7k_router_equal_budget_20260704_a1e311f_wave3,fbe1b3dd28945ade456d36e865d0f80e0998ea22,foureyes,2,26019,19,hard_em_utility_ste_seed21002,hard_em_utility_ste,split_minleaf,0.001,split_routing_output,1,2,all,0.5,true,5,4,0.2,45,blocks.11.forward_block.mixer.mixer.out_proj,train_eval,1,false,succeeded,succeeded,32768,131072,29491,3277,holdout,0.1,1.008427381515503,0.6957253813743591,0.3127020001411438,0.500407338142395,25837.858258981836,0.49539709799864795,2,0.0,2.0,6.0,18.59999656677246,true,0.7345132743362832,2407,3277,32,32,,47.0,259,228,5,1,succeeded,0.08825087547302246,0.07098585367202759,true
l7k_router_equal_budget_20260704_a1e311f_wave3,fbe1b3dd28945ade456d36e865d0f80e0998ea22,foureyes,2,26019,19,hard_em_utility_ste_seed21002,hard_em_utility_ste,split_minleaf,0.001,split_routing_output,1,2,all,0.5,true,5,4,0.2,47,blocks.11.reverse_block.mixer.mixer.out_proj,train_eval,1,false,succeeded,succeeded,32768,131072,29491,3277,holdout,0.1,1.0087041854858398,0.6976029276847839,0.3111012578010559,0.49703285098075867,26908.82982160194,0.47568029099966225,1,0.0,2.0,6.0,19.99999237060547,true,0.7516020750686604,2463,3277,32,32,,47.0,259,228,5,1,succeeded,0.08236812800168991,0.0659131333231926,true
l7k_router_equal_budget_20260704_a1e311f_wave3,fbe1b3dd28945ade456d36e865d0f80e0998ea22,foureyes,3,26020,20,hard_em_utility_ste_seed21003,hard_em_utility_ste,split_minleaf,0.001,split_routing_output,1,2,all,0.5,true,5,4,0.2,35,blocks.8.reverse_block.mixer.mixer.out_proj,train_eval,1,false,succeeded,succeeded,32768,131072,29491,3277,holdout,0.1,1.006970763206482,0.6564408540725708,0.35052990913391113,0.5559911131858826,18714.00366878425,0.6839797739994538,1,0.0,2.0,4.0,22.499996185302734,true,0.7812023191943851,2560,3277,32,32,,47.0,259,228,5,1,succeeded,0.04143133759498596,0.03345188498497009,true
l7k_router_equal_budget_20260704_a1e311f_wave3,fbe1b3dd28945ade456d36e865d0f80e0998ea22,foureyes,3,26020,20,hard_em_utility_ste_seed21003,hard_em_utility_ste,split_minleaf,0.001,split_routing_output,1,2,all,0.5,true,5,4,0.2,39,blocks.9.reverse_block.mixer.mixer.out_proj,train_eval,1,false,succeeded,succeeded,32768,131072,29491,3277,holdout,0.1,1.0085484981536865,0.6905580759048462,0.31799042224884033,0.5332171320915222,22803.863787651422,0.5613083869993716,1,0.0,1.0,7.0,17.699996948242188,true,0.7754043332316143,2541,3277,32,32,,47.0,259,228,5,1,succeeded,0.04543512687087059,0.03644171729683876,true
l7k_router_equal_budget_20260704_a1e311f_wave3,fbe1b3dd28945ade456d36e865d0f80e0998ea22,foureyes,3,26020,20,hard_em_utility_ste_seed21003,hard_em_utility_ste,split_minleaf,0.001,split_routing_output,1,2,all,0.5,true,5,4,0.2,41,blocks.10.forward_block.mixer.mixer.out_proj,train_eval,1,false,succeeded,succeeded,32768,131072,29491,3277,holdout,0.1,1.0082095861434937,0.6962358355522156,0.3119737505912781,0.536766767501831,23947.15366076881,0.5345102880000923,1,0.0,1.0,5.0,22.0,true,0.7421422032346658,2432,3277,32,32,,47.0,259,228,5,1,succeeded,0.04849884286522865,0.03885030746459961,true
l7k_router_equal_budget_20260704_a1e311f_wave3,fbe1b3dd28945ade456d36e865d0f80e0998ea22,foureyes,3,26020,20,hard_em_utility_ste_seed21003,hard_em_utility_ste,split_minleaf,0.001,split_routing_output,1,2,all,0.5,true,5,4,0.2,43,blocks.10.reverse_block.mixer.mixer.out_proj,train_eval,1,false,succeeded,succeeded,32768,131072,29491,3277,holdout,0.1,1.007860541343689,0.6920181512832642,0.3158423900604248,0.5310332179069519,25794.706700429982,0.4962258400009887,3,0.0,1.100000023841858,5.5,16.899999618530273,true,0.8263655782728105,2708,3277,32,32,,47.0,259,228,5,1,succeeded,0.05966038256883621,0.048221513628959656,true
l7k_router_equal_budget_20260704_a1e311f_wave3,fbe1b3dd28945ade456d36e865d0f80e0998ea22,foureyes,3,26020,20,hard_em_utility_ste_seed21003,hard_em_utility_ste,split_minleaf,0.001,split_routing_output,1,2,all,0.5,true,5,4,0.2,45,blocks.11.forward_block.mixer.mixer.out_proj,train_eval,1,false,succeeded,succeeded,32768,131072,29491,3277,holdout,0.1,1.0101628303527832,0.708586573600769,0.30157625675201416,0.4918532967567444,26041.54576251715,0.49152228200000536,3,0.0,1.0,5.0,15.0,true,0.7476350320415014,2450,3277,32,32,,47.0,259,228,5,1,succeeded,0.08871100097894669,0.07169026136398315,true
l7k_router_equal_budget_20260704_a1e311f_wave3,fbe1b3dd28945ade456d36e865d0f80e0998ea22,foureyes,3,26020,20,hard_em_utility_ste_seed21003,hard_em_utility_ste,split_minleaf,0.001,split_routing_output,1,2,all,0.5,true,5,4,0.2,47,blocks.11.reverse_block.mixer.mixer.out_proj,train_eval,1,false,succeeded,succeeded,32768,131072,29491,3277,holdout,0.1,1.0070059299468994,0.7023818492889404,0.304624080657959,0.49179667234420776,25078.207958871903,0.5104032960007316,0,0.0,2.0,6.0,16.799999237060547,true,0.759231003967043,2488,3277,32,32,,47.0,259,228,5,1,succeeded,0.08199477940797806,0.06605374068021774,true
