run_id,git_commit,machine,gpu,seed,eligible_index,layer,sample_split,sample_batches,test_accessed,captured_tokens,observed_tokens,initial_nmse,final_nmse,nmse_delta,final_cosine_similarity,tokens_per_second,train_seconds,router_recipe,route_row_role,route_rows,route_result_rows,route_rows_output_count,route_rows_output_fraction,route_rows_contribute,route_entropy_mean,dead_leaves,leaf_tokens_p10,leaf_tokens_p50,leaf_tokens_p90,active_rows_per_token,stored_rows,effective_stored_rows,route_output_rows_per_token,route_output_rows_per_node,locoprop_status,locoprop_mse_before,locoprop_mse_after,locoprop_nonincreasing
distill_stage_f_shards_20260704_091746,f0053c0d904cb7c552f79e4d8c8fb534a3333aa1,work,0,1337,0,blocks.0.forward_block.mixer.mixer.in_proj,val,2,False,32768,262144,1.0252946615219116,0.02892218343913555,0.9963724780827761,0.987327516078949,34335.49366818691,0.37279207701794803,vanilla_ste,split_routing_output,1,2,all,0.5,True,0.0,24,0.0,0.0,3.0,345.0,433,402,5,1,succeeded,0.02341436594724655,0.005973445251584053,True
distill_stage_f_shards_20260704_091746,f0053c0d904cb7c552f79e4d8c8fb534a3333aa1,work,0,1337,1,blocks.0.forward_block.mixer.mixer.out_proj,val,2,False,32768,262144,1.0121570825576782,0.13355807960033417,0.878599002957344,0.939246654510498,47577.4843898648,0.269034821074456,vanilla_ste,split_routing_output,1,2,all,0.5,True,0.0,21,0.0,0.0,7.0,171.0,259,228,5,1,succeeded,0.011746872216463089,0.0047660209238529205,True
distill_stage_f_shards_20260704_091746,f0053c0d904cb7c552f79e4d8c8fb534a3333aa1,work,0,1337,2,blocks.0.reverse_block.mixer.mixer.in_proj,val,2,False,32768,262144,1.0166363716125488,0.02149125747382641,0.9951451141387224,0.9898725748062134,49863.26131690937,0.2567020219285041,vanilla_ste,split_routing_output,1,2,all,0.5,True,0.0,26,0.0,0.0,7.699997901916504,345.0,433,402,5,1,succeeded,0.02455613762140274,0.006225056946277618,True
distill_stage_f_shards_20260704_091746,f0053c0d904cb7c552f79e4d8c8fb534a3333aa1,work,0,1337,3,blocks.0.reverse_block.mixer.mixer.out_proj,val,2,False,32768,262144,1.0030767917633057,0.1685357391834259,0.8345410525798798,0.9226552248001099,40814.0644430521,0.31361738103441894,vanilla_ste,split_routing_output,1,2,all,0.5,True,0.0,21,0.0,0.0,5.599997043609619,171.0,259,228,5,1,succeeded,0.023475928232073784,0.010838521644473076,True
distill_stage_f_shards_20260704_091746,f0053c0d904cb7c552f79e4d8c8fb534a3333aa1,work,0,1337,4,blocks.1.forward_block.mixer.mixer.in_proj,val,2,False,32768,262144,1.0095945596694946,0.03696983680129051,0.9726247228682041,0.9824301600456238,49701.62851578516,0.25753683294169605,vanilla_ste,split_routing_output,1,2,all,0.5,True,0.0,20,0.0,0.0,11.599996566772461,345.0,433,402,5,1,succeeded,0.035180456936359406,0.009807605296373367,True
distill_stage_f_shards_20260704_091746,f0053c0d904cb7c552f79e4d8c8fb534a3333aa1,work,0,1337,5,blocks.1.forward_block.mixer.mixer.out_proj,val,2,False,32768,262144,1.0101467370986938,0.2873818278312683,0.7227649092674255,0.8526394367218018,49031.00108698373,0.26105932402424514,vanilla_ste,split_routing_output,1,2,all,0.5,True,0.0,20,0.0,0.0,21.29999542236328,171.0,259,228,5,1,succeeded,0.011585461907088757,0.00615671556442976,True
distill_stage_f_shards_20260704_091746,f0053c0d904cb7c552f79e4d8c8fb534a3333aa1,work,0,1337,6,blocks.1.reverse_block.mixer.mixer.in_proj,val,2,False,32768,262144,1.0137211084365845,0.041584182530641556,0.9721369259059429,0.9809247851371765,48751.48383519429,0.26255611097440124,vanilla_ste,split_routing_output,1,2,all,0.5,True,0.0,19,0.0,0.0,8.0,345.0,433,402,5,1,succeeded,0.0319100059568882,0.008978997357189655,True
distill_stage_f_shards_20260704_091746,f0053c0d904cb7c552f79e4d8c8fb534a3333aa1,work,1,1337,7,blocks.1.reverse_block.mixer.mixer.out_proj,val,2,False,32768,262144,1.00580894947052,0.3194620907306671,0.6863468587398529,0.8360644578933716,26958.590238629804,0.47480227588675916,vanilla_ste,split_routing_output,1,2,all,0.5,True,0.0,24,0.0,0.0,8.699997901916504,171.0,259,228,5,1,succeeded,0.008059961721301079,0.004528512246906757,True
distill_stage_f_shards_20260704_091746,f0053c0d904cb7c552f79e4d8c8fb534a3333aa1,work,1,1337,8,blocks.2.forward_block.mixer.mixer.in_proj,val,2,False,32768,262144,1.0165005922317505,0.056214019656181335,0.9602865725755692,0.9728334546089172,38591.41806290678,0.33167996001429856,vanilla_ste,split_routing_output,1,2,all,0.5,True,0.0,14,0.0,2.0,22.899999618530273,345.0,433,402,5,1,succeeded,0.0344960018992424,0.010859920643270016,True
distill_stage_f_shards_20260704_091746,f0053c0d904cb7c552f79e4d8c8fb534a3333aa1,work,1,1337,9,blocks.2.forward_block.mixer.mixer.out_proj,val,2,False,32768,262144,1.0047417879104614,0.40990984439849854,0.5948319435119629,0.7611954212188721,39748.44872884287,0.3220251458697021,vanilla_ste,split_routing_output,1,2,all,0.5,True,0.0,23,0.0,0.0,8.899999618530273,171.0,259,228,5,1,succeeded,0.015261459164321423,0.010000205598771572,True
distill_stage_f_shards_20260704_091746,f0053c0d904cb7c552f79e4d8c8fb534a3333aa1,work,1,1337,10,blocks.2.reverse_block.mixer.mixer.in_proj,val,2,False,32768,262144,1.012275218963623,0.052654415369033813,0.9596208035945892,0.9747512340545654,41133.111947626596,0.3111848190892488,vanilla_ste,split_routing_output,1,2,all,0.5,True,0.0,17,0.0,0.0,17.59999656677246,345.0,433,402,5,1,succeeded,0.0418529249727726,0.012728395871818066,True
distill_stage_f_shards_20260704_091746,f0053c0d904cb7c552f79e4d8c8fb534a3333aa1,work,1,1337,11,blocks.2.reverse_block.mixer.mixer.out_proj,val,2,False,32768,262144,1.006204605102539,0.32949504256248474,0.6767095625400543,0.8126042485237122,47600.76328772251,0.26890325103886425,vanilla_ste,split_routing_output,1,2,all,0.5,True,0.0,20,0.0,0.0,6.899999141693115,171.0,259,228,5,1,succeeded,0.014109688811004162,0.00831831805408001,True
distill_stage_f_shards_20260704_091746,f0053c0d904cb7c552f79e4d8c8fb534a3333aa1,work,1,1337,12,blocks.3.forward_block.mixer.mixer.in_proj,val,2,False,32768,262144,1.0147894620895386,0.06809797137975693,0.9466914907097816,0.9671465754508972,39427.165163482,0.3246492601465434,vanilla_ste,split_routing_output,1,2,all,0.5,True,0.0,12,0.0,2.0,20.799999237060547,345.0,433,402,5,1,succeeded,0.042860593646764755,0.014201972633600235,True
distill_stage_f_shards_20260704_091746,f0053c0d904cb7c552f79e4d8c8fb534a3333aa1,work,1,1337,13,blocks.3.forward_block.mixer.mixer.out_proj,val,2,False,32768,262144,1.0048233270645142,0.39641693234443665,0.6084063947200775,0.751287043094635,39601.44412214433,0.32322053611278534,vanilla_ste,split_routing_output,1,2,all,0.5,True,0.0,21,0.0,0.0,11.699997901916504,171.0,259,228,5,1,succeeded,0.03150877356529236,0.020603463053703308,True
distill_stage_f_shards_20260704_091746,f0053c0d904cb7c552f79e4d8c8fb534a3333aa1,ripper,0,1337,14,blocks.3.reverse_block.mixer.mixer.in_proj,val,2,False,32768,262144,1.0148025751113892,0.07273661345243454,0.9420659616589546,0.9647753238677979,33250.39239269744,0.3849578630179167,vanilla_ste,split_routing_output,1,2,all,0.5,True,0.0,15,0.0,2.0,23.399995803833008,345.0,433,402,5,1,succeeded,0.036688752472400665,0.012477999553084373,True
distill_stage_f_shards_20260704_091746,f0053c0d904cb7c552f79e4d8c8fb534a3333aa1,ripper,0,1337,15,blocks.3.reverse_block.mixer.mixer.out_proj,val,2,False,32768,262144,1.0053369998931885,0.4231436848640442,0.5821933150291443,0.7658358812332153,33579.027223285244,0.3811903160531074,vanilla_ste,split_routing_output,1,2,all,0.5,True,0.0,22,0.0,0.0,8.79999828338623,171.0,259,228,5,1,succeeded,0.018115585669875145,0.011671888642013073,True
distill_stage_f_shards_20260704_091746,f0053c0d904cb7c552f79e4d8c8fb534a3333aa1,ripper,0,1337,16,blocks.4.forward_block.mixer.mixer.in_proj,val,2,False,32768,262144,1.0156937837600708,0.09936721622943878,0.916326567530632,0.9515125155448914,42893.151782628884,0.2984159351326525,vanilla_ste,split_routing_output,1,2,all,0.5,True,0.0,15,0.0,1.0,20.899999618530273,345.0,433,402,5,1,succeeded,0.03640015795826912,0.01396822277456522,True
distill_stage_f_shards_20260704_091746,f0053c0d904cb7c552f79e4d8c8fb534a3333aa1,ripper,0,1337,17,blocks.4.forward_block.mixer.mixer.out_proj,val,2,False,32768,262144,1.0059691667556763,0.49010169506073,0.5158674716949463,0.6922504901885986,41461.13496844767,0.30872285598888993,vanilla_ste,split_routing_output,1,2,all,0.5,True,0.0,21,0.0,0.0,3.0,171.0,259,228,5,1,succeeded,0.020792078226804733,0.0148224588483572,True
distill_stage_f_shards_20260704_091746,f0053c0d904cb7c552f79e4d8c8fb534a3333aa1,ripper,0,1337,18,blocks.4.reverse_block.mixer.mixer.in_proj,val,2,False,32768,262144,1.0168606042861938,0.09092391282320023,0.9259366914629936,0.95564204454422,41301.34710324641,0.30991725204512477,vanilla_ste,split_routing_output,1,2,all,0.5,True,0.0,14,0.0,1.0,20.499996185302734,345.0,433,402,5,1,succeeded,0.038794152438640594,0.014155175536870956,True
distill_stage_f_shards_20260704_091746,f0053c0d904cb7c552f79e4d8c8fb534a3333aa1,ripper,0,1337,19,blocks.4.reverse_block.mixer.mixer.out_proj,val,2,False,32768,262144,1.0081098079681396,0.49779075384140015,0.5103190541267395,0.7034759521484375,41338.13387557804,0.3096414569299668,vanilla_ste,split_routing_output,1,2,all,0.5,True,0.0,18,0.0,0.0,10.499996185302734,171.0,259,228,5,1,succeeded,0.0186795424669981,0.013148171827197075,True
distill_stage_f_shards_20260704_091746,f0053c0d904cb7c552f79e4d8c8fb534a3333aa1,ripper,0,1337,20,blocks.5.forward_block.mixer.mixer.in_proj,val,2,False,32768,262144,1.0170859098434448,0.10514088720083237,0.9119450226426125,0.9495517611503601,43610.73884925063,0.29350569006055593,vanilla_ste,split_routing_output,1,2,all,0.5,True,0.0,13,0.0,1.5,4.899999141693115,345.0,433,402,5,1,succeeded,0.04134569317102432,0.015694063156843185,True
distill_stage_f_shards_20260704_091746,f0053c0d904cb7c552f79e4d8c8fb534a3333aa1,ripper,2,1337,21,blocks.5.forward_block.mixer.mixer.out_proj,val,2,False,32768,262144,1.0043373107910156,0.5356885194778442,0.4686487913131714,0.6664568185806274,31232.2004693501,0.4098334349691868,vanilla_ste,split_routing_output,1,2,all,0.5,True,0.0,17,0.0,0.0,31.199979782104492,171.0,259,228,5,1,succeeded,0.031855758279561996,0.023770228028297424,True
distill_stage_f_shards_20260704_091746,f0053c0d904cb7c552f79e4d8c8fb534a3333aa1,ripper,2,1337,22,blocks.5.reverse_block.mixer.mixer.in_proj,val,2,False,32768,262144,1.0187618732452393,0.11836642771959305,0.9003954455256462,0.9435069561004639,37980.87126191356,0.33701175288297236,vanilla_ste,split_routing_output,1,2,all,0.5,True,0.0,16,0.0,0.5,13.399995803833008,345.0,433,402,5,1,succeeded,0.04344410449266434,0.016810009256005287,True
distill_stage_f_shards_20260704_091746,f0053c0d904cb7c552f79e4d8c8fb534a3333aa1,ripper,2,1337,23,blocks.5.reverse_block.mixer.mixer.out_proj,val,2,False,32768,262144,1.005426287651062,0.5339922308921814,0.4714340567588806,0.6236908435821533,38638.71426838169,0.331273962976411,vanilla_ste,split_routing_output,1,2,all,0.5,True,0.0,13,0.0,1.0,16.099992752075195,171.0,259,228,5,1,succeeded,0.019655048847198486,0.014510883018374443,True
distill_stage_f_shards_20260704_091746,f0053c0d904cb7c552f79e4d8c8fb534a3333aa1,ripper,2,1337,24,blocks.6.forward_block.mixer.mixer.in_proj,val,2,False,32768,262144,1.0181248188018799,0.13868412375450134,0.8794406950473785,0.9332254528999329,41355.649808679766,0.30951031018048525,vanilla_ste,split_routing_output,1,2,all,0.5,True,0.0,16,0.0,0.5,11.899999618530273,345.0,433,402,5,1,succeeded,0.052046485245227814,0.021713070571422577,True
distill_stage_f_shards_20260704_091746,f0053c0d904cb7c552f79e4d8c8fb534a3333aa1,ripper,2,1337,25,blocks.6.forward_block.mixer.mixer.out_proj,val,2,False,32768,262144,1.0091581344604492,0.6204773187637329,0.3886808156967163,0.6106932163238525,43931.93539986338,0.2913598020095378,vanilla_ste,split_routing_output,1,2,all,0.5,True,0.0,14,0.0,1.0,12.699997901916504,171.0,259,228,5,1,succeeded,0.020243443548679352,0.015698228031396866,True
distill_stage_f_shards_20260704_091746,f0053c0d904cb7c552f79e4d8c8fb534a3333aa1,ripper,2,1337,26,blocks.6.reverse_block.mixer.mixer.in_proj,val,2,False,32768,262144,1.0194485187530518,0.13083435595035553,0.8886141628026962,0.9377366900444031,38910.69745235563,0.32895838003605604,vanilla_ste,split_routing_output,1,2,all,0.5,True,0.0,16,0.0,0.5,15.899991989135742,345.0,433,402,5,1,succeeded,0.05147617682814598,0.020627262070775032,True
distill_stage_f_shards_20260704_091746,f0053c0d904cb7c552f79e4d8c8fb534a3333aa1,ripper,2,1337,27,blocks.6.reverse_block.mixer.mixer.out_proj,val,2,False,32768,262144,1.0079177618026733,0.6109112501144409,0.3970065116882324,0.6079224348068237,43181.08260822204,0.29642610205337405,vanilla_ste,split_routing_output,1,2,all,0.5,True,0.0,19,0.0,0.0,13.099993705749512,171.0,259,228,5,1,succeeded,0.024450819939374924,0.018813196569681168,True
distill_stage_f_shards_20260704_091746,f0053c0d904cb7c552f79e4d8c8fb534a3333aa1,ripper,3,1337,28,blocks.7.forward_block.mixer.mixer.in_proj,val,2,False,32768,262144,1.0189499855041504,0.15146316587924957,0.8674868196249008,0.9291491508483887,31511.097444199604,0.4062061000149697,vanilla_ste,split_routing_output,1,2,all,0.5,True,0.0,18,0.0,0.0,8.0,345.0,433,402,5,1,succeeded,0.05217772722244263,0.02147061377763748,True
distill_stage_f_shards_20260704_091746,f0053c0d904cb7c552f79e4d8c8fb534a3333aa1,ripper,3,1337,29,blocks.7.forward_block.mixer.mixer.out_proj,val,2,False,32768,262144,1.0079938173294067,0.5981863141059875,0.4098075032234192,0.6047059893608093,39027.66264308771,0.32797249779105186,vanilla_ste,split_routing_output,1,2,all,0.5,True,0.0,14,0.0,1.0,7.0,171.0,259,228,5,1,succeeded,0.028558209538459778,0.02197956293821335,True
distill_stage_f_shards_20260704_091746,f0053c0d904cb7c552f79e4d8c8fb534a3333aa1,ripper,3,1337,30,blocks.7.reverse_block.mixer.mixer.in_proj,val,2,False,32768,262144,1.0187269449234009,0.15087899565696716,0.8678479492664337,0.9279083013534546,50770.01613273505,0.25211731204763055,vanilla_ste,split_routing_output,1,2,all,0.5,True,0.0,13,0.0,1.5,13.79999828338623,345.0,433,402,5,1,succeeded,0.05868694558739662,0.024574728682637215,True
distill_stage_f_shards_20260704_091746,f0053c0d904cb7c552f79e4d8c8fb534a3333aa1,ripper,3,1337,31,blocks.7.reverse_block.mixer.mixer.out_proj,val,2,False,32768,262144,1.0067507028579712,0.6256627440452576,0.3810879588127136,0.5842616558074951,50720.5626342296,0.25236313114874065,vanilla_ste,split_routing_output,1,2,all,0.5,True,0.0,14,0.0,1.0,8.699997901916504,171.0,259,228,5,1,succeeded,0.028671272099018097,0.02250051498413086,True
distill_stage_f_shards_20260704_091746,f0053c0d904cb7c552f79e4d8c8fb534a3333aa1,ripper,3,1337,32,blocks.8.forward_block.mixer.mixer.in_proj,val,2,False,32768,262144,1.0163154602050781,0.1625267118215561,0.853788748383522,0.9250009059906006,49668.16158991222,0.2577103639487177,vanilla_ste,split_routing_output,1,2,all,0.5,True,0.0,16,0.0,0.5,14.599996566772461,345.0,433,402,5,1,succeeded,0.05840735137462616,0.024196671321988106,True
distill_stage_f_shards_20260704_091746,f0053c0d904cb7c552f79e4d8c8fb534a3333aa1,ripper,3,1337,33,blocks.8.forward_block.mixer.mixer.out_proj,val,2,False,32768,262144,1.0079468488693237,0.6413702964782715,0.36657655239105225,0.5661213397979736,49213.30496127459,0.26009226590394974,vanilla_ste,split_routing_output,1,2,all,0.5,True,0.0,10,0.0,2.5,28.699996948242188,171.0,259,228,5,1,succeeded,0.03754567354917526,0.029020950198173523,True
distill_stage_f_shards_20260704_091746,f0053c0d904cb7c552f79e4d8c8fb534a3333aa1,ripper,3,1337,34,blocks.8.reverse_block.mixer.mixer.in_proj,val,2,False,32768,262144,1.0178087949752808,0.1649935245513916,0.8528152704238892,0.9228394031524658,48600.49779396474,0.2633717879652977,vanilla_ste,split_routing_output,1,2,all,0.5,True,0.0,12,0.0,1.0,7.0,345.0,433,402,5,1,succeeded,0.05951453745365143,0.025348858907818794,True
distill_stage_f_shards_20260704_091746,f0053c0d904cb7c552f79e4d8c8fb534a3333aa1,foureyes,1,1337,35,blocks.8.reverse_block.mixer.mixer.out_proj,val,2,False,32768,262144,1.0077108144760132,0.6581509113311768,0.3495599031448364,0.5706980228424072,28090.327725508847,0.4556728609604761,vanilla_ste,split_routing_output,1,2,all,0.5,True,0.0,9,0.0,2.0,18.799999237060547,171.0,259,228,5,1,succeeded,0.04029908403754234,0.032506655901670456,True
distill_stage_f_shards_20260704_091746,f0053c0d904cb7c552f79e4d8c8fb534a3333aa1,foureyes,1,1337,36,blocks.9.forward_block.mixer.mixer.in_proj,val,2,False,32768,262144,1.0176395177841187,0.17762459814548492,0.8400149196386337,0.9183980226516724,41580.63063148851,0.3078356389887631,vanilla_ste,split_routing_output,1,2,all,0.5,True,0.0,7,0.0,2.0,16.699996948242188,345.0,433,402,5,1,succeeded,0.0739368349313736,0.03154639154672623,True
distill_stage_f_shards_20260704_091746,f0053c0d904cb7c552f79e4d8c8fb534a3333aa1,foureyes,1,1337,37,blocks.9.forward_block.mixer.mixer.out_proj,val,2,False,32768,262144,1.0059243440628052,0.654752254486084,0.3511720895767212,0.5364940166473389,47317.06301331908,0.27051552198827267,vanilla_ste,split_routing_output,1,2,all,0.5,True,0.0,10,0.0,1.0,8.79999828338623,171.0,259,228,5,1,succeeded,0.0555076003074646,0.04451458901166916,True
distill_stage_f_shards_20260704_091746,f0053c0d904cb7c552f79e4d8c8fb534a3333aa1,foureyes,1,1337,38,blocks.9.reverse_block.mixer.mixer.in_proj,val,2,False,32768,262144,1.0197829008102417,0.17686404287815094,0.8429188579320908,0.9183678030967712,43122.20518932087,0.29683083097916096,vanilla_ste,split_routing_output,1,2,all,0.5,True,0.0,15,0.0,1.0,17.99999237060547,345.0,433,402,5,1,succeeded,0.06906155496835709,0.029101308435201645,True
distill_stage_f_shards_20260704_091746,f0053c0d904cb7c552f79e4d8c8fb534a3333aa1,foureyes,1,1337,39,blocks.9.reverse_block.mixer.mixer.out_proj,val,2,False,32768,262144,1.0093951225280762,0.6838973760604858,0.32549774646759033,0.5314043164253235,44275.018717091385,0.2891020799288526,vanilla_ste,split_routing_output,1,2,all,0.5,True,0.0,10,0.0,2.0,27.399988174438477,171.0,259,228,5,1,succeeded,0.045967474579811096,0.03656359761953354,True
distill_stage_f_shards_20260704_091746,f0053c0d904cb7c552f79e4d8c8fb534a3333aa1,foureyes,1,1337,40,blocks.10.forward_block.mixer.mixer.in_proj,val,2,False,32768,262144,1.019843339920044,0.18792420625686646,0.8319191336631775,0.9156012535095215,43422.249565413535,0.29477975296322256,vanilla_ste,split_routing_output,1,2,all,0.5,True,0.0,17,0.0,0.0,20.899991989135742,345.0,433,402,5,1,succeeded,0.07280176877975464,0.030479518696665764,True
distill_stage_f_shards_20260704_091746,f0053c0d904cb7c552f79e4d8c8fb534a3333aa1,foureyes,1,1337,41,blocks.10.forward_block.mixer.mixer.out_proj,val,2,False,32768,262144,1.007057547569275,0.6818343997001648,0.3252231478691101,0.5344523191452026,49053.568682570985,0.2609392210142687,vanilla_ste,split_routing_output,1,2,all,0.5,True,0.0,9,0.0,2.0,19.699996948242188,171.0,259,228,5,1,succeeded,0.05426644906401634,0.043230555951595306,True
distill_stage_f_shards_20260704_091746,f0053c0d904cb7c552f79e4d8c8fb534a3333aa1,foureyes,2,1337,42,blocks.10.reverse_block.mixer.mixer.in_proj,val,2,False,32768,262144,1.0186197757720947,0.17874731123447418,0.8398724645376205,0.9193078279495239,30249.491063844052,0.42314761504530907,vanilla_ste,split_routing_output,1,2,all,0.5,True,0.0,13,0.0,1.0,13.699997901916504,345.0,433,402,5,1,succeeded,0.07279247790575027,0.029909538105130196,True
distill_stage_f_shards_20260704_091746,f0053c0d904cb7c552f79e4d8c8fb534a3333aa1,foureyes,2,1337,43,blocks.10.reverse_block.mixer.mixer.out_proj,val,2,False,32768,262144,1.005838394165039,0.669104814529419,0.3367335796356201,0.5387391448020935,37997.98811562126,0.3368599400855601,vanilla_ste,split_routing_output,1,2,all,0.5,True,0.0,10,0.0,1.0,15.899999618530273,171.0,259,228,5,1,succeeded,0.05694308504462242,0.045804738998413086,True
distill_stage_f_shards_20260704_091746,f0053c0d904cb7c552f79e4d8c8fb534a3333aa1,foureyes,2,1337,44,blocks.11.forward_block.mixer.mixer.in_proj,val,2,False,32768,262144,1.0178889036178589,0.1966600865125656,0.8212288171052933,0.9118432998657227,39266.31033913851,0.32597918901592493,vanilla_ste,split_routing_output,1,2,all,0.5,True,0.0,13,0.0,1.0,11.699997901916504,345.0,433,402,5,1,succeeded,0.07892435789108276,0.03363718092441559,True
distill_stage_f_shards_20260704_091746,f0053c0d904cb7c552f79e4d8c8fb534a3333aa1,foureyes,2,1337,45,blocks.11.forward_block.mixer.mixer.out_proj,val,2,False,32768,262144,1.007105827331543,0.6612691879272461,0.3458366394042969,0.49099597334861755,50362.34309347954,0.2541581509867683,vanilla_ste,split_routing_output,1,2,all,0.5,True,0.0,5,0.0,3.0,17.29999542236328,171.0,259,228,5,1,succeeded,0.09427859634160995,0.0751551017165184,True
distill_stage_f_shards_20260704_091746,f0053c0d904cb7c552f79e4d8c8fb534a3333aa1,foureyes,2,1337,46,blocks.11.reverse_block.mixer.mixer.in_proj,val,2,False,32768,262144,1.0192561149597168,0.19006256759166718,0.8291935473680496,0.9152501821517944,50408.7505746044,0.2539241670165211,vanilla_ste,split_routing_output,1,2,all,0.5,True,0.0,9,0.0,1.5,12.399995803833008,345.0,433,402,5,1,succeeded,0.0794522687792778,0.03288063406944275,True
distill_stage_f_shards_20260704_091746,f0053c0d904cb7c552f79e4d8c8fb534a3333aa1,foureyes,2,1337,47,blocks.11.reverse_block.mixer.mixer.out_proj,val,2,False,32768,262144,1.0100033283233643,0.676997721195221,0.3330056071281433,0.4974382519721985,50292.51501926395,0.2545110339997336,vanilla_ste,split_routing_output,1,2,all,0.5,True,0.0,3,1.0,4.0,15.0,171.0,259,228,5,1,succeeded,0.08037254214286804,0.06420411169528961,True
distill_stage_f_shards_20260704_091746,f0053c0d904cb7c552f79e4d8c8fb534a3333aa1,foureyes,2,1337,48,blocks.12.forward_block.mixer.mixer.in_proj,val,2,False,32768,262144,1.0176914930343628,0.19244928658008575,0.825242206454277,0.9162061214447021,49880.844215273355,0.25661153497640043,vanilla_ste,split_routing_output,1,2,all,0.5,True,0.0,16,0.0,0.5,11.899999618530273,345.0,433,402,5,1,succeeded,0.08146116882562637,0.03283819183707237,True
distill_stage_f_shards_20260704_091746,f0053c0d904cb7c552f79e4d8c8fb534a3333aa1,foureyes,3,1337,49,blocks.12.forward_block.mixer.mixer.out_proj,val,2,False,32768,262144,1.0041316747665405,0.5106356739997864,0.49349600076675415,0.5401422381401062,32381.115206189035,0.39529212994966656,vanilla_ste,split_routing_output,1,2,all,0.5,True,0.0,13,0.0,1.0,16.899999618530273,171.0,259,228,5,1,succeeded,0.14422082901000977,0.11040547490119934,True
distill_stage_f_shards_20260704_091746,f0053c0d904cb7c552f79e4d8c8fb534a3333aa1,foureyes,3,1337,50,blocks.12.reverse_block.mixer.mixer.in_proj,val,2,False,32768,262144,1.0168213844299316,0.1944233477115631,0.8223980367183685,0.9161362051963806,40518.107584088524,0.3159081399207935,vanilla_ste,split_routing_output,1,2,all,0.5,True,0.0,15,0.0,1.0,11.599996566772461,345.0,433,402,5,1,succeeded,0.08530879765748978,0.03431915119290352,True
distill_stage_f_shards_20260704_091746,f0053c0d904cb7c552f79e4d8c8fb534a3333aa1,foureyes,3,1337,51,blocks.12.reverse_block.mixer.mixer.out_proj,val,2,False,32768,262144,1.0057485103607178,0.5328450798988342,0.47290343046188354,0.526351273059845,42131.07856183514,0.3038137269904837,vanilla_ste,split_routing_output,1,2,all,0.5,True,0.0,10,0.0,1.0,33.499996185302734,171.0,259,228,5,1,succeeded,0.16126936674118042,0.12132991850376129,True
distill_stage_f_shards_20260704_091746,f0053c0d904cb7c552f79e4d8c8fb534a3333aa1,foureyes,3,1337,52,blocks.13.forward_block.mixer.mixer.in_proj,val,2,False,32768,262144,1.0181291103363037,0.18871644139289856,0.8294126689434052,0.918550431728363,41881.33811859148,0.3056253829272464,vanilla_ste,split_routing_output,1,2,all,0.5,True,0.0,16,0.0,0.5,9.899999618530273,345.0,433,402,5,1,succeeded,0.0930740013718605,0.03672626614570618,True
distill_stage_f_shards_20260704_091746,f0053c0d904cb7c552f79e4d8c8fb534a3333aa1,foureyes,3,1337,53,blocks.13.forward_block.mixer.mixer.out_proj,val,2,False,32768,262144,1.012660026550293,0.2994259297847748,0.7132340967655182,0.5993574857711792,44441.916659976465,0.2880163809750229,vanilla_ste,split_routing_output,1,2,all,0.5,True,0.0,17,0.0,0.0,15.099993705749512,171.0,259,228,5,1,succeeded,0.4505924582481384,0.295604407787323,True
distill_stage_f_shards_20260704_091746,f0053c0d904cb7c552f79e4d8c8fb534a3333aa1,foureyes,3,1337,54,blocks.13.reverse_block.mixer.mixer.in_proj,val,2,False,32768,262144,1.0209078788757324,0.18819387257099152,0.8327140063047409,0.9192121028900146,40493.332300898706,0.31610142393037677,vanilla_ste,split_routing_output,1,2,all,0.5,True,0.0,21,0.0,0.0,10.599996566772461,345.0,433,402,5,1,succeeded,0.09619994461536407,0.03771243616938591,True
distill_stage_f_shards_20260704_091746,f0053c0d904cb7c552f79e4d8c8fb534a3333aa1,foureyes,3,1337,55,blocks.13.reverse_block.mixer.mixer.out_proj,val,2,False,32768,262144,1.006669044494629,0.3414463996887207,0.6652226448059082,0.595383882522583,44620.95035940034,0.2868607660057023,vanilla_ste,split_routing_output,1,2,all,0.5,True,0.0,19,0.0,0.0,14.399995803833008,171.0,259,228,5,1,succeeded,0.46733570098876953,0.3088650107383728,True
distill_stage_f_shards_20260704_091746,f0053c0d904cb7c552f79e4d8c8fb534a3333aa1,ai,0,1337,56,blocks.14.forward_block.mixer.mixer.in_proj,val,2,False,32768,262144,1.0124765634536743,0.1564720869064331,0.8560044765472412,0.9309666752815247,39776.26929945481,0.3217999129992677,vanilla_ste,split_routing_output,1,2,all,0.5,True,0.0,27,0.0,0.0,1.0,345.0,433,402,5,1,succeeded,0.10039371252059937,0.03826526179909706,True
distill_stage_f_shards_20260704_091746,f0053c0d904cb7c552f79e4d8c8fb534a3333aa1,ai,0,1337,57,blocks.14.forward_block.mixer.mixer.out_proj,val,2,False,32768,262144,1.0142828226089478,0.12845145165920258,0.8858313709497452,0.7518296241760254,43012.74289564656,0.2975862299936125,vanilla_ste,split_routing_output,1,2,all,0.5,True,0.0,23,0.0,0.0,5.7999982833862305,171.0,259,228,5,1,succeeded,3.0470943450927734,1.3862746953964233,True
distill_stage_f_shards_20260704_091746,f0053c0d904cb7c552f79e4d8c8fb534a3333aa1,ai,0,1337,58,blocks.14.reverse_block.mixer.mixer.in_proj,val,2,False,32768,262144,1.018455982208252,0.1525731086730957,0.8658828735351562,0.9322034120559692,56364.685786772054,0.227092546003405,vanilla_ste,split_routing_output,1,2,all,0.5,True,0.0,25,0.0,0.0,2.7999985218048096,345.0,433,402,5,1,succeeded,0.10095435380935669,0.0381036251783371,True
distill_stage_f_shards_20260704_091746,f0053c0d904cb7c552f79e4d8c8fb534a3333aa1,ai,0,1337,59,blocks.14.reverse_block.mixer.mixer.out_proj,val,2,False,32768,262144,1.0008925199508667,0.12816505134105682,0.8727274686098099,0.7391082048416138,56548.138852710756,0.22635581399663351,vanilla_ste,split_routing_output,1,2,all,0.5,True,0.0,15,0.0,1.0,6.0,171.0,259,228,5,1,succeeded,2.283592939376831,1.1449332237243652,True
distill_stage_f_shards_20260704_091746,f0053c0d904cb7c552f79e4d8c8fb534a3333aa1,ai,0,1337,60,blocks.15.forward_block.mixer.mixer.in_proj,val,2,False,32768,262144,1.013856053352356,0.07734907418489456,0.9365069791674614,0.9615118503570557,55373.21329449877,0.2311587000003783,vanilla_ste,split_routing_output,1,2,all,0.5,True,0.0,26,0.0,0.0,1.0,345.0,433,402,5,1,succeeded,0.07789897918701172,0.02825901471078396,True
distill_stage_f_shards_20260704_091746,f0053c0d904cb7c552f79e4d8c8fb534a3333aa1,ai,1,1337,61,blocks.15.forward_block.mixer.mixer.out_proj,val,2,False,32768,262144,1.0037071704864502,0.08975257724523544,0.9139545932412148,0.8996890783309937,35055.7105889793,0.36513309201109223,vanilla_ste,split_routing_output,1,2,all,0.5,True,0.0,26,0.0,0.0,1.8999992609024048,171.0,259,228,5,1,succeeded,171.22369384765625,46.802467346191406,True
distill_stage_f_shards_20260704_091746,f0053c0d904cb7c552f79e4d8c8fb534a3333aa1,ai,1,1337,62,blocks.15.reverse_block.mixer.mixer.in_proj,val,2,False,32768,262144,1.0149316787719727,0.08935986459255219,0.9255718141794205,0.9574910402297974,45360.089832403784,0.28218639000260737,vanilla_ste,split_routing_output,1,2,all,0.5,True,0.0,25,0.0,0.0,3.7999985218048096,345.0,433,402,5,1,succeeded,0.08474632352590561,0.031405456364154816,True
distill_stage_f_shards_20260704_091746,f0053c0d904cb7c552f79e4d8c8fb534a3333aa1,ai,1,1337,63,blocks.15.reverse_block.mixer.mixer.out_proj,val,2,False,32768,262144,1.008587121963501,0.09917433559894562,0.9094127863645554,0.8940813541412354,47586.63648059745,0.26898307900410146,vanilla_ste,split_routing_output,1,2,all,0.5,True,0.0,23,0.0,0.0,1.8999992609024048,171.0,259,228,5,1,succeeded,110.64146423339844,31.021305084228516,True
